datasetId;chromosome;position;variantId;reference;alternate;end;svType;svLength;variantCount;callCount;sampleCount;frequency;sampleMatchingCount
1;21;9411238;rs559462325;G;A;;SNP;;1;5008;2504;0.000199681;1
1;21;9411244;rs181691356;C;A;;SNP;;4;5008;2504;0.000798722;4
1;21;9411263;rs548263598;A;C;;SNP;;1;5008;2504;0.000199681;1
1;21;9411266;rs561987868;G;T;;SNP;;1;5008;2504;0.000199681;1
1;21;9411301;rs531010746;G;T;;SNP;;13;5008;2504;0.00259585;13
1;21;9411312;rs550852792;G;A;;SNP;;15;5008;2504;0.00299521;15
1;21;9411331;rs571137411;G;T;;SNP;;2;5008;2504;0.000399361;2
1;21;9411346;rs539713234;G;C;;SNP;;23;5008;2504;0.00459265;23
1;21;9411355;rs552178335;G;A;;SNP;;1;5008;2504;0.000199681;1
1;21;9411357;rs565663130;C;T;;SNP;;11;5008;2504;0.00219649;10
1;21;9411380;rs534748710;G;T;;SNP;;17;5008;2504;0.00339457;17
1;21;9411383;rs554702871;C;T;;SNP;;1;5008;2504;0.000199681;1
1;21;9411408;rs574538436;T;C;;SNP;;5;5008;2504;0.000998403;5
1;21;9411409;rs78200054;C;T;;SNP;;2338;5008;2504;0.466853;2265
1;21;9411412;rs556843533;T;A;;SNP;;1;5008;2504;0.000199681;1
1;21;9411416;rs577092188;C;T;;SNP;;4;5008;2504;0.000798722;4
1;21;9411440;rs545759795;T;G;;SNP;;3;5008;2504;0.000599042;3
1;21;9411445;rs559733149;C;T;;SNP;;36;5008;2504;0.0071885;35
1;21;9411448;rs572893903;G;T;;SNP;;4;5008;2504;0.000798722;4
1;21;9411454;rs541773326;C;T;;SNP;;1;5008;2504;0.000199681;1
1;21;9411475;rs561854485;A;T;;SNP;;5;5008;2504;0.000998403;5
1;21;9411484;rs530875554;C;A;;SNP;;5;5008;2504;0.000998403;5
1;21;9411485;rs551173763;C;A;;SNP;;3;5008;2504;0.000599042;3
1;21;9411496;rs564500555;A;G;;SNP;;37;5008;2504;0.00738818;37
1;21;9411499;rs71235073;G;T;;SNP;;2299;5008;2504;0.459065;2229
1;21;9411500;rs546967725;A;C;;SNP;;1;5008;2504;0.000199681;1
1;21;9411541;rs565724621;T;A;;SNP;;2;5008;2504;0.000399361;2
1;21;9411552;rs534606585;G;A;;SNP;;1;5008;2504;0.000199681;1
1;21;9411553;rs548169090;G;A;;SNP;;1;5008;2504;0.000199681;1
1;21;9411558;rs568178160;T;G;;SNP;;1;5008;2504;0.000199681;1
1;21;9411576;rs536719616;C;T;;SNP;;1;5008;2504;0.000199681;1
1;21;9411600;rs557151743;T;C;;SNP;;2;5008;2504;0.000399361;2
1;21;9411601;rs368646645;T;C;;SNP;;1830;5008;2504;0.365415;1812
1;21;9411606;rs539763752;A;C;;SNP;;2;5008;2504;0.000399361;2
1;21;9411616;rs370592152;A;G;;SNP;;2;5008;2504;0.000399361;2
1;21;9411644;rs71235074;A;G;;SNP;;2221;5008;2504;0.44349;2187
1;21;9411688;rs541834812;G;A;;SNP;;1;5008;2504;0.000199681;1
1;21;9411709;rs555311353;C;A;;SNP;;1;5008;2504;0.000199681;1
1;21;9411758;rs575359680;G;C;;SNP;;4;5008;2504;0.000798722;4
1;21;9411784;rs71235075;G;T;;SNP;;2284;5008;2504;0.45607;2217
1;21;9411792;rs564742686;G;A;;SNP;;1;5008;2504;0.000199681;1
1;21;9411798;rs533358149;T;C;;SNP;;5;5008;2504;0.000998403;5
1;21;9411808;rs540775891;T;C;;SNP;;1;5008;2504;0.000199681;1
1;21;9411817;rs560778262;C;T;;SNP;;5;5008;2504;0.000998403;5
1;21;9411821;rs529578709;C;A;;SNP;;1;5008;2504;0.000199681;1
1;21;9411823;rs548229980;T;A;;SNP;;2;5008;2504;0.000399361;2
1;21;9411832;rs568043879;G;T;;SNP;;7;5008;2504;0.00139776;7
1;21;9411847;rs530667724;G;A;;SNP;;1;5008;2504;0.000199681;1
1;21;9411857;rs550396181;T;C;;SNP;;2;5008;2504;0.000399361;2
1;21;9411877;rs570673736;C;T;;SNP;;1;5008;2504;0.000199681;1
1;21;9411878;rs539264033;T;C;;SNP;;3;5008;2504;0.000599042;3
1;21;9411895;rs552712618;A;T;;SNP;;3;5008;2504;0.000599042;3
1;21;9411906;rs566449449;G;A;;SNP;;1;5008;2504;0.000199681;1
1;21;9411910;rs535340444;T;A;;SNP;;3;5008;2504;0.000599042;3
1;21;9411920;rs555374909;G;C;;SNP;;5;5008;2504;0.000998403;5
1;21;9411924;rs575539439;T;C;;SNP;;1;5008;2504;0.000199681;1
1;21;9411963;rs544738004;C;G;;SNP;;1;5008;2504;0.000199681;1
1;21;9411968;rs557972256;T;C;;SNP;;5;5008;2504;0.000998403;5
1;21;9411974;rs578015817;G;A;;SNP;;1;5008;2504;0.000199681;1
1;21;9412075;rs374249157;CTT;C;;SNP;;24;5008;2504;0.00479233;24
1;21;9412077;rs540846814;T;A;;SNP;;4;5008;2504;0.000798722;4
1;21;9412088;rs560641867;A;G;;SNP;;3;5008;2504;0.000599042;3
1;21;9412098;rs146134162;C;T;;SNP;;39;5008;2504;0.00778754;39
1;21;9412099;rs543330773;G;A;;SNP;;11;5008;2504;0.00219649;11
1;21;9412181;rs561709170;A;G;;SNP;;21;5008;2504;0.00419329;21
1;21;9412196;rs530422701;C;G;;SNP;;2;5008;2504;0.000399361;2
1;21;9412204;rs550535537;A;G;;SNP;;7;5008;2504;0.00139776;7
1;21;9412215;rs570467461;C;T;;SNP;;1;5008;2504;0.000199681;1
1;21;9412241;rs533016209;T;A;;SNP;;37;5008;2504;0.00738818;36
1;21;9412245;rs551300911;GATTA;G;;SNP;;5;5008;2504;0.000998403;5
1;21;9412259;rs546414715;A;G;;SNP;;1;5008;2504;0.000199681;1
1;21;9412260;rs566313004;T;C;;SNP;;2;5008;2504;0.000399361;2
1;21;9412265;rs535399270;C;A;;SNP;;1;5008;2504;0.000199681;1
1;21;9412278;rs548862087;C;T;;SNP;;2;5008;2504;0.000399361;2
1;21;9412295;rs569084917;G;C;;SNP;;2;5008;2504;0.000399361;2
1;21;9412299;rs537863038;T;C;;SNP;;3;5008;2504;0.000599042;3
1;21;9412338;rs190851473;C;T;;SNP;;1;5008;2504;0.000199681;1
1;21;9412376;rs578050168;G;A;;SNP;;9;5008;2504;0.00179712;9
1;21;9412384;rs534265533;G;A;;SNP;;1;5008;2504;0.000199681;1
1;21;9412440;rs373407518;TATA;T;;SNP;;2101;5008;2504;0.419529;1870
1;21;9412484;rs554442837;C;G;;SNP;;6;5008;2504;0.00119808;6
1;21;9412493;rs574278539;A;T;;SNP;;1;5008;2504;0.000199681;1
1;21;9412496;rs543391624;G;C;;SNP;;1;5008;2504;0.000199681;1
1;21;9412500;rs563044983;T;A;;SNP;;2;5008;2504;0.000399361;2
1;21;9412502;rs71220884;C;A;;SNP;;4517;5008;2504;0.901957;2498
1;21;9412557;rs543884866;T;A;;SNP;;4;5008;2504;0.000798722;4
1;21;9412561;rs564085573;G;C;;SNP;;1;5008;2504;0.000199681;1
1;21;9412584;rs532916880;C;G;;SNP;;1;5008;2504;0.000199681;1
1;21;9412602;rs141306699;G;A;;SNP;;5;5008;2504;0.000998403;5
1;21;9412607;rs559962037;A;G;;SNP;;52;5008;2504;0.0103834;52
1;21;9412637;rs529056475;A;C;;SNP;;1;5008;2504;0.000199681;1
1;21;9412658;rs548726596;C;T;;SNP;;5;5008;2504;0.000998403;5
1;21;9412679;rs569073201;A;C;;SNP;;1;5008;2504;0.000199681;1
1;21;9412725;rs538116382;C;T;;SNP;;2;5008;2504;0.000399361;2
1;21;9412735;rs551512982;T;C;;SNP;;2;5008;2504;0.000399361;2
1;21;9412739;rs149635655;G;A;;SNP;;2;5008;2504;0.000399361;2
1;21;9412754;rs534333241;C;A;;SNP;;1;5008;2504;0.000199681;1
1;21;9412759;rs554307669;T;C;;SNP;;2;5008;2504;0.000399361;2
1;21;9412808;rs370745445;G;A;;SNP;;7;5008;2504;0.00139776;7
1;21;9412834;rs536849739;G;T;;SNP;;1;5008;2504;0.000199681;1
1;21;9412836;rs556687069;T;C;;SNP;;54;5008;2504;0.0107827;54
1;21;9412842;rs576690195;C;A;;SNP;;1;5008;2504;0.000199681;1
1;21;9412880;rs545665184;C;T;;SNP;;1;5008;2504;0.000199681;1
1;21;9412906;rs563964427;C;A;;SNP;;6;5008;2504;0.00119808;6
1;21;9412913;rs577215287;T;C;;SNP;;1;5008;2504;0.000199681;1
1;21;9412933;rs539797137;A;C;;SNP;;1;5008;2504;0.000199681;1
1;21;9412944;rs559823138;T;A;;SNP;;2;5008;2504;0.000399361;2
1;21;9412973;rs528919927;T;C;;SNP;;1;5008;2504;0.000199681;1
1;21;9412974;rs548928936;A;C;;SNP;;9;5008;2504;0.00179712;9
1;21;9412986;rs562681810;C;T;;SNP;;7;5008;2504;0.00139776;7
1;21;9412995;rs531542287;T;A;;SNP;;5;5008;2504;0.000998403;5
1;21;9413007;rs551646462;T;A;;SNP;;1;5008;2504;0.000199681;1
1;21;9413018;rs571600897;T;C;;SNP;;3;5008;2504;0.000599042;3
1;21;9413060;rs527690953;T;G;;SNP;;1;5008;2504;0.000199681;1
1;21;9413069;rs547774276;C;A;;SNP;;1;5008;2504;0.000199681;1
1;21;9413085;rs567780337;T;A;;SNP;;2;5008;2504;0.000399361;2
1;21;9413091;rs536720634;G;T;;SNP;;1;5008;2504;0.000199681;1
1;21;9413095;rs556510794;T;C;;SNP;;1;5008;2504;0.000199681;1
1;21;9413117;rs570219643;C;T;;SNP;;20;5008;2504;0.00399361;20
1;21;9413135;rs539010268;T;C;;SNP;;1;5008;2504;0.000199681;1
1;21;9413148;rs559206930;G;T;;SNP;;1;5008;2504;0.000199681;1
1;21;9413184;rs572361464;G;A;;SNP;;2;5008;2504;0.000399361;2
1;21;9413186;rs539856328;A;G;;SNP;;6;5008;2504;0.00119808;6
1;21;9413187;rs553325340;G;A;;SNP;;2;5008;2504;0.000399361;2
1;21;9413224;rs573431420;T;G;;SNP;;1;5008;2504;0.000199681;1
1;21;9413227;rs78109722;C;G;;SNP;;1847;5008;2504;0.36881;1811
1;21;9413337;rs562583677;T;C;;SNP;;1;5008;2504;0.000199681;1
1;21;9413364;rs371855081;G;A;;SNP;;11;5008;2504;0.00219649;11
1;21;9413376;rs544832712;A;G;;SNP;;4;5008;2504;0.000798722;4
1;21;9413379;rs565189512;C;T;;SNP;;3;5008;2504;0.000599042;3
1;21;9413386;rs527552130;C;A;;SNP;;54;5008;2504;0.0107827;54
1;21;9413388;rs547837955;T;C;;SNP;;8;5008;2504;0.00159744;8
1;21;9413398;rs567647834;C;A;;SNP;;3;5008;2504;0.000599042;3
1;21;9413416;rs530172924;T;C;;SNP;;3;5008;2504;0.000599042;3
1;21;9413436;rs550242455;G;A;;SNP;;4;5008;2504;0.000798722;4
1;21;9413466;rs570005265;C;A;;SNP;;10;5008;2504;0.00199681;10
1;21;9413478;rs539231947;G;A;;SNP;;4;5008;2504;0.000798722;4
1;21;9413482;rs558848981;G;A;;SNP;;5;5008;2504;0.000998403;5
1;21;9413484;rs566053528;G;A;;SNP;;5;5008;2504;0.000998403;5
1;21;9413498;rs534965754;A;C;;SNP;;2;5008;2504;0.000399361;2
1;21;9413520;rs553385098;G;A;;SNP;;1;5008;2504;0.000199681;1
1;21;9413556;rs573292938;C;T;;SNP;;30;5008;2504;0.00599042;30
1;21;9413561;rs542407099;G;A;;SNP;;1;5008;2504;0.000199681;1
1;21;9413581;rs556230435;C;T;;SNP;;6;5008;2504;0.00119808;6
1;21;9413582;rs576015620;C;T;;SNP;;11;5008;2504;0.00219649;11
1;21;9413583;rs80143362;G;A;;SNP;;4115;5008;2504;0.821685;2487
1;21;9413596;rs565049796;A;T;;SNP;;4;5008;2504;0.000798722;4
1;21;9413644;rs527616997;T;G;;SNP;;35;5008;2504;0.00698882;34
1;21;9413654;rs541322141;T;G;;SNP;;1;5008;2504;0.000199681;1
1;21;9413674;rs561311343;C;T;;SNP;;1;5008;2504;0.000199681;1
1;21;9413676;rs530109092;C;T;;SNP;;1;5008;2504;0.000199681;1
1;21;9413717;rs549864769;C;T;;SNP;;1;5008;2504;0.000199681;1
1;21;9413771;rs563820794;C;T;;SNP;;2;5008;2504;0.000399361;2
1;21;9413786;rs532470885;G;T;;SNP;;2;5008;2504;0.000399361;2
1;21;9413791;rs552382346;C;A;;SNP;;0;5008;2504;0;0
1;21;9413805;rs565919691;G;C;;SNP;;11;5008;2504;0.00219649;11
1;21;9413806;rs535026321;G;T;;SNP;;11;5008;2504;0.00219649;11
1;21;9413815;rs548470213;G;A;;SNP;;1;5008;2504;0.000199681;1
1;21;9413838;rs77603406;C;T;;SNP;;1394;5008;2504;0.278355;1356
1;21;9413839;rs71220528;C;A;;SNP;;2080;5008;2504;0.415335;1988
1;21;9413866;rs199741174;AG;A;;SNP;;22;5008;2504;0.00439297;22
1;21;9413905;rs555855380;C;A;;SNP;;1;5008;2504;0.000199681;1
1;21;9413918;rs576111226;C;T;;SNP;;1;5008;2504;0.000199681;1
1;21;9413954;rs538337389;G;T;;SNP;;2;5008;2504;0.000399361;2
1;21;9413984;rs558824633;A;T;;SNP;;5;5008;2504;0.000998403;5
1;21;9413992;rs572264346;G;A;;SNP;;3;5008;2504;0.000599042;3
1;21;9413994;rs77312274;C;T;;SNP;;1171;5008;2504;0.233826;1156
1;21;9413995;rs71205710;A;G;;SNP;;3829;5008;2504;0.764577;2441
1;21;9414019;rs574608850;G;A;;SNP;;1;5008;2504;0.000199681;1
1;21;9414033;rs543821043;C;T;;SNP;;3;5008;2504;0.000599042;3
1;21;9414045;rs563511354;A;C;;SNP;;4;5008;2504;0.000798722;4
1;21;9414047;rs532674110;T;C;;SNP;;1;5008;2504;0.000199681;1
1;21;9414052;rs552243430;G;C;;SNP;;3;5008;2504;0.000599042;3
1;21;9414060;rs559568242;C;T;;SNP;;1;5008;2504;0.000199681;1
1;21;9414099;rs528666768;C;T;;SNP;;2;5008;2504;0.000399361;2
1;21;9414104;rs548335858;A;T;;SNP;;9;5008;2504;0.00179712;9
1;21;9414111;rs375760230;T;C;;SNP;;1;5008;2504;0.000199681;1
1;21;9414114;rs537319038;G;C;;SNP;;2;5008;2504;0.000399361;2
1;21;9414147;rs549779433;G;A;;SNP;;1;5008;2504;0.000199681;1
1;21;9414172;rs569538096;C;T;;SNP;;2;5008;2504;0.000399361;2
1;21;9414176;rs538784001;T;C;;SNP;;2;5008;2504;0.000399361;2
1;21;9414207;rs558687365;G;T;;SNP;;3;5008;2504;0.000599042;3
1;21;9414210;rs572129097;T;C;;SNP;;3;5008;2504;0.000599042;3
1;21;9414225;rs534826081;G;C;;SNP;;1;5008;2504;0.000199681;1
1;21;9414248;rs554776382;T;C;;SNP;;69;5008;2504;0.013778;68
1;21;9414255;rs574704641;A;C;;SNP;;23;5008;2504;0.00459265;23
1;21;9414256;rs543337552;T;G;;SNP;;1;5008;2504;0.000199681;1
1;21;9414257;rs563742834;T;A;;SNP;;1;5008;2504;0.000199681;1
1;21;9414299;rs577168094;T;A;;SNP;;1;5008;2504;0.000199681;1
1;21;9414322;rs545745944;G;C;;SNP;;1;5008;2504;0.000199681;1
1;21;9414352;rs559432823;G;T;;SNP;;1;5008;2504;0.000199681;1
1;21;9414398;rs528532460;T;C;;SNP;;3;5008;2504;0.000599042;3
1;21;9414447;rs542043171;A;C;;SNP;;1;5008;2504;0.000199681;1
1;21;9414463;rs562122558;C;G;;SNP;;1;5008;2504;0.000199681;1
1;21;9414465;rs531274722;G;A;;SNP;;3;5008;2504;0.000599042;3
1;21;9414470;rs550985767;T;G;;SNP;;1;5008;2504;0.000199681;1
1;21;9414485;rs571077529;C;A;;SNP;;4;5008;2504;0.000798722;4
1;21;9414518;rs532153112;C;A;;SNP;;1;5008;2504;0.000199681;1
1;21;9414560;rs552166756;A;G;;SNP;;3;5008;2504;0.000599042;3
1;21;9414580;rs565801484;T;C;;SNP;;1;5008;2504;0.000199681;1
1;21;9414582;rs534685267;G;A;;SNP;;2;5008;2504;0.000399361;2
1;21;9414589;rs554783802;T;C;;SNP;;1;5008;2504;0.000199681;1
1;21;9414602;rs568154057;C;A;;SNP;;1;5008;2504;0.000199681;1
1;21;9414623;rs537398306;A;T;;SNP;;9;5008;2504;0.00179712;9
1;21;9414672;rs556980174;G;A;;SNP;;2;5008;2504;0.000399361;2
1;21;9414673;rs577028379;A;T;;SNP;;3;5008;2504;0.000599042;3
1;21;9414711;rs545811077;T;A;;SNP;;1;5008;2504;0.000199681;1
1;21;9414752;rs552923157;A;T;;SNP;;2;5008;2504;0.000399361;2
1;21;9414765;rs573031726;T;A;;SNP;;1;5008;2504;0.000199681;1
1;21;9414773;rs541908448;T;A;;SNP;;1;5008;2504;0.000199681;1
1;21;9414777;rs562350538;T;C;;SNP;;2;5008;2504;0.000399361;2
1;21;9414794;rs531014040;C;A;;SNP;;1;5008;2504;0.000199681;1
1;21;9414795;rs544748596;G;A;;SNP;;10;5008;2504;0.00199681;10
1;21;9414803;rs564639609;C;T;;SNP;;2;5008;2504;0.000399361;2
1;21;9414816;rs533637847;G;A;;SNP;;1;5008;2504;0.000199681;1
1;21;9414827;rs552229977;T;C;;SNP;;1;5008;2504;0.000199681;1
1;21;9414850;rs548772252;AT;A;;SNP;;36;5008;2504;0.0071885;36
1;21;9414904;rs565663205;C;A;;SNP;;1;5008;2504;0.000199681;1
1;21;9414920;rs528236937;G;A;;SNP;;6;5008;2504;0.00119808;6
1;21;9414963;rs566987415;GT;G;;SNP;;3;5008;2504;0.000599042;3
1;21;9414966;rs547977766;A;T;;SNP;;1;5008;2504;0.000199681;1
1;21;9414981;rs568102567;C;A;;SNP;;24;5008;2504;0.00479233;24
1;21;9415002;rs536863390;T;C;;SNP;;10;5008;2504;0.00199681;10
1;21;9415012;rs557086603;A;G;;SNP;;1;5008;2504;0.000199681;1
1;21;9415025;rs377419413;TAATC;T;;SNP;;1566;5008;2504;0.3127;1493
1;21;9415093;rs558760010;AT;A;;SNP;;7;5008;2504;0.00139776;7
1;21;9415106;rs570437356;A;C;;SNP;;1;5008;2504;0.000199681;1
1;21;9415107;rs539329732;A;T;;SNP;;1;5008;2504;0.000199681;1
1;21;9415108;rs552986377;T;G;;SNP;;1;5008;2504;0.000199681;1
1;21;9415116;rs572895955;A;G;;SNP;;2;5008;2504;0.000399361;2
1;21;9415130;rs542156379;T;C;;SNP;;2;5008;2504;0.000399361;2
1;21;9415147;rs368545934;C;T;;SNP;;7;5008;2504;0.00139776;7
1;21;9415210;rs575656951;A;G;;SNP;;6;5008;2504;0.00119808;6
1;21;9415225;rs544500555;T;G;;SNP;;1;5008;2504;0.000199681;1
1;21;9415234;rs564679422;C;G;;SNP;;1;5008;2504;0.000199681;1
1;21;9415254;rs578258531;C;T;;SNP;;1;5008;2504;0.000199681;1
1;21;9415259;rs540918437;G;C;;SNP;;3;5008;2504;0.000599042;3
1;21;9415279;rs559438269;C;A;;SNP;;2;5008;2504;0.000399361;2
1;21;9415295;rs528097322;T;G;;SNP;;1;5008;2504;0.000199681;1
1;21;9415313;rs548129693;T;C;;SNP;;1;5008;2504;0.000199681;1
1;21;9415330;rs561645297;C;A;;SNP;;5;5008;2504;0.000998403;5
1;21;9415338;rs370962190;G;A;;SNP;;37;5008;2504;0.00738818;37
1;21;9415347;rs550532952;T;C;;SNP;;7;5008;2504;0.00139776;7
1;21;9415374;rs570299114;G;A;;SNP;;3;5008;2504;0.000599042;3
1;21;9415385;rs539393460;T;C;;SNP;;1;5008;2504;0.000199681;1
1;21;9415393;rs546490479;A;C;;SNP;;1;5008;2504;0.000199681;1
1;21;9415398;rs566386381;C;A;;SNP;;5;5008;2504;0.000998403;5
1;21;9415409;rs535495671;G;A;;SNP;;3;5008;2504;0.000599042;3
1;21;9415413;rs555704104;G;A;;SNP;;1;5008;2504;0.000199681;1
1;21;9415443;rs575676233;C;G;;SNP;;18;5008;2504;0.00359425;18
1;21;9415444;rs538321487;C;T;;SNP;;1;5008;2504;0.000199681;1
1;21;9415445;rs558430818;C;A;;SNP;;1;5008;2504;0.000199681;1
1;21;9415446;rs578215950;T;C;;SNP;;1;5008;2504;0.000199681;1
1;21;9415450;rs540783623;C;T;;SNP;;26;5008;2504;0.00519169;26
1;21;9415467;rs560778300;T;A;;SNP;;3;5008;2504;0.000599042;3
1;21;9415488;rs574241521;T;G;;SNP;;1;5008;2504;0.000199681;1
1;21;9415518;rs541484995;T;C;;SNP;;1;5008;2504;0.000199681;1
1;21;9415522;rs561705748;C;T;;SNP;;1;5008;2504;0.000199681;1
1;21;9415532;rs530557347;C;A;;SNP;;1;5008;2504;0.000199681;1
1;21;9415561;rs550643942;G;A;;SNP;;2;5008;2504;0.000399361;2
1;21;9415631;rs563788826;G;A;;SNP;;16;5008;2504;0.00319489;16
1;21;9415659;rs532967321;C;T;;SNP;;1;5008;2504;0.000199681;1
1;21;9415668;rs546353373;T;A;;SNP;;2;5008;2504;0.000399361;2
1;21;9415671;rs566449642;C;T;;SNP;;0;5008;2504;0;0
1;21;9415675;rs371416650;A;G;;SNP;;2;5008;2504;0.000399361;2
1;21;9415691;rs549142861;A;T;;SNP;;1;5008;2504;0.000199681;1
1;21;9415720;rs569225703;T;A;;SNP;;2;5008;2504;0.000399361;2
1;21;9415720;rs569225703;T;C;;SNP;;8;5008;2504;0.00159744;8
1;21;9415842;rs558286798;A;T;;SNP;;1;5008;2504;0.000199681;1
1;21;9415866;rs578115265;C;T;;SNP;;1;5008;2504;0.000199681;1
1;21;9415876;rs534409942;A;G;;SNP;;1;5008;2504;0.000199681;1
1;21;9415878;rs554379495;C;G;;SNP;;7;5008;2504;0.00139776;7
1;21;9415907;rs574281273;T;C;;SNP;;3;5008;2504;0.000599042;3
1;21;9415908;rs543293485;A;C;;SNP;;27;5008;2504;0.00539137;27
1;21;9415911;rs555112971;C;T;;SNP;;1;5008;2504;0.000199681;1
1;21;9415913;rs575196835;A;G;;SNP;;1;5008;2504;0.000199681;1
1;21;9416021;rs543763037;T;C;;SNP;;1;5008;2504;0.000199681;1
1;21;9416048;rs563852181;G;C;;SNP;;2;5008;2504;0.000399361;2
1;21;9416086;rs532834370;G;C;;SNP;;1;5008;2504;0.000199681;1
1;21;9416098;rs540065417;A;T;;SNP;;3;5008;2504;0.000599042;3
1;21;9416105;rs559898723;T;G;;SNP;;20;5008;2504;0.00399361;20
1;21;9416124;rs529213158;C;T;;SNP;;2;5008;2504;0.000399361;2
1;21;9416132;rs549256163;A;G;;SNP;;38;5008;2504;0.00758786;37
1;21;9416137;rs569009907;T;C;;SNP;;1;5008;2504;0.000199681;1
1;21;9416146;rs531741425;G;T;;SNP;;1;5008;2504;0.000199681;1
1;21;9416147;rs551767391;A;C;;SNP;;1;5008;2504;0.000199681;1
1;21;9416256;rs368069649;C;A;;SNP;;1181;5008;2504;0.235823;1165
1;21;9416265;rs534265882;A;G;;SNP;;3;5008;2504;0.000599042;3
1;21;9416275;rs554442771;A;C;;SNP;;3;5008;2504;0.000599042;3
1;21;9416278;rs183474367;T;G;;SNP;;1;5008;2504;0.000199681;1
1;21;9416286;rs536593023;C;T;;SNP;;1;5008;2504;0.000199681;1
1;21;9416296;rs556822053;T;A;;SNP;;1;5008;2504;0.000199681;1
1;21;9416302;rs576623978;T;C;;SNP;;12;5008;2504;0.00239617;12
1;21;9416322;rs543824267;A;T;;SNP;;10;5008;2504;0.00199681;10
1;21;9416343;rs557307698;T;A;;SNP;;1;5008;2504;0.000199681;1
1;21;9416370;rs577352562;G;T;;SNP;;2;5008;2504;0.000399361;2
1;21;9416376;rs539930598;G;A;;SNP;;4;5008;2504;0.000798722;4
1;21;9416380;rs560135205;C;T;;SNP;;1;5008;2504;0.000199681;1
1;21;9416388;rs529088792;C;A;;SNP;;2;5008;2504;0.000399361;2
1;21;9416429;rs542417345;A;T;;SNP;;1;5008;2504;0.000199681;1
1;21;9416488;rs71302920;TAA;T;;SNP;;62;5008;2504;0.0123802;62
1;21;9416511;rs562817870;A;G;;SNP;;1;5008;2504;0.000199681;1
1;21;9416600;rs531609546;A;C;;SNP;;1;5008;2504;0.000199681;1
1;21;9416622;rs551828904;T;C;;SNP;;1;5008;2504;0.000199681;1
1;21;9416625;rs571655432;C;A;;SNP;;1;5008;2504;0.000199681;1
1;21;9416653;rs527829763;G;C;;SNP;;1;5008;2504;0.000199681;1
1;21;9416680;rs547911546;G;A;;SNP;;1;5008;2504;0.000199681;1
1;21;9416684;rs567611879;G;C;;SNP;;1;5008;2504;0.000199681;1
1;21;9416690;rs536865969;G;A;;SNP;;4;5008;2504;0.000798722;4
1;21;9416707;rs537842576;CATG;C;;SNP;;4;5008;2504;0.000798722;4
1;21;9416725;rs556451138;G;C;;SNP;;1;5008;2504;0.000199681;1
1;21;9416785;rs570354438;A;G;;SNP;;1;5008;2504;0.000199681;1
1;21;9416863;rs538929271;G;C;;SNP;;1;5008;2504;0.000199681;1
1;21;9416874;rs557371143;T;G;;SNP;;1;5008;2504;0.000199681;1
1;21;9416901;rs577215278;G;T;;SNP;;1;5008;2504;0.000199681;1
1;21;9417054;rs533498244;C;T;;SNP;;4;5008;2504;0.000798722;4
1;21;9417075;rs553841579;C;T;;SNP;;1;5008;2504;0.000199681;1
1;21;9417117;rs573620631;G;A;;SNP;;4;5008;2504;0.000798722;4
1;21;9417124;rs542830205;T;G;;SNP;;3;5008;2504;0.000599042;3
1;21;9417126;rs372623343;C;A;;SNP;;1948;5008;2504;0.388978;1902
1;21;9417135;rs576440732;G;C;;SNP;;10;5008;2504;0.00199681;10
1;21;9417187;rs545315035;A;G;;SNP;;3;5008;2504;0.000599042;3
1;21;9417226;rs565328348;T;C;;SNP;;1;5008;2504;0.000199681;1
1;21;9417234;rs527692812;C;G;;SNP;;1;5008;2504;0.000199681;1
1;21;9417240;rs547437672;G;A;;SNP;;1;5008;2504;0.000199681;1
1;21;9417258;rs561453078;G;A;;SNP;;2;5008;2504;0.000399361;2
1;21;9417274;rs530113413;C;T;;SNP;;1;5008;2504;0.000199681;1
1;21;9417283;rs68192677;T;G;;SNP;;4349;5008;2504;0.868411;2480
1;21;9417296;rs570139515;G;C;;SNP;;1;5008;2504;0.000199681;1
1;21;9417297;rs538993050;T;A;;SNP;;1;5008;2504;0.000199681;1
1;21;9417320;rs552454379;T;C;;SNP;;1;5008;2504;0.000199681;1
1;21;9417328;rs565991926;A;G;;SNP;;3;5008;2504;0.000599042;3
1;21;9417331;rs533558293;A;C;;SNP;;6;5008;2504;0.00119808;6
1;21;9417334;rs553461590;T;C;;SNP;;1;5008;2504;0.000199681;1
1;21;9417337;rs573709058;C;T;;SNP;;1;5008;2504;0.000199681;1
1;21;9417348;rs535951541;T;A;;SNP;;1;5008;2504;0.000199681;1
1;21;9417359;rs556365945;G;C;;SNP;;1;5008;2504;0.000199681;1
1;21;9417370;rs576303273;T;G;;SNP;;5;5008;2504;0.000998403;5
1;21;9417380;rs545366149;G;A;;SNP;;1;5008;2504;0.000199681;1
1;21;9417404;rs565061982;A;C;;SNP;;5;5008;2504;0.000998403;5
1;21;9417416;rs572301071;T;G;;SNP;;15;5008;2504;0.00299521;15
1;21;9417426;rs541488920;G;A;;SNP;;2;5008;2504;0.000399361;2
1;21;9417451;rs561243108;C;T;;SNP;;7;5008;2504;0.00139776;7
1;21;9417478;rs530064897;C;T;;SNP;;4;5008;2504;0.000798722;4
1;21;9417490;rs549911623;G;C;;SNP;;1;5008;2504;0.000199681;1
1;21;9417540;rs563389813;T;C;;SNP;;7;5008;2504;0.00139776;7
1;21;9417556;rs532658147;G;T;;SNP;;1;5008;2504;0.000199681;1
1;21;9417557;rs552485183;G;A;;SNP;;2;5008;2504;0.000399361;2
1;21;9417573;rs565913350;T;G;;SNP;;39;5008;2504;0.00778754;39
1;21;9417653;rs534927116;T;C;;SNP;;3;5008;2504;0.000599042;3
1;21;9417678;rs547432974;G;A;;SNP;;1;5008;2504;0.000199681;1
1;21;9417682;rs567258342;G;A;;SNP;;8;5008;2504;0.00159744;8
1;21;9417686;rs536196220;T;A;;SNP;;1;5008;2504;0.000199681;1
1;21;9417696;rs555880225;A;C;;SNP;;1;5008;2504;0.000199681;1
1;21;9417714;rs569706498;T;G;;SNP;;2;5008;2504;0.000399361;2
1;21;9417715;rs538915581;G;T;;SNP;;1;5008;2504;0.000199681;1
1;21;9417716;rs558916260;C;T;;SNP;;2;5008;2504;0.000399361;2
1;21;9417734;rs572238658;C;A;;SNP;;1;5008;2504;0.000199681;1
1;21;9417748;rs540880426;G;A;;SNP;;1;5008;2504;0.000199681;1
1;21;9417765;rs555003023;C;A;;SNP;;1;5008;2504;0.000199681;1
1;21;9417767;rs373044989;G;A;;SNP;;1;5008;2504;0.000199681;1
1;21;9417831;rs543936996;G;A;;SNP;;1;5008;2504;0.000199681;1
1;21;9417960;rs66525445;T;C;;SNP;;971;5008;2504;0.19389;901
1;21;9417960;rs66525445;T;G;;SNP;;2837;5008;2504;0.566494;2129
1;21;9417973;rs546059634;T;C;;SNP;;5;5008;2504;0.000998403;5
1;21;9417983;rs559634437;T;C;;SNP;;1;5008;2504;0.000199681;1
1;21;9417991;rs528643777;T;G;;SNP;;2;5008;2504;0.000399361;2
1;21;9418042;rs548498734;G;A;;SNP;;13;5008;2504;0.00259585;13
1;21;9418075;rs568681725;G;C;;SNP;;4;5008;2504;0.000798722;4
1;21;9418076;rs529741471;G;T;;SNP;;4;5008;2504;0.000798722;4
1;21;9418105;rs549933185;C;T;;SNP;;6;5008;2504;0.00119808;6
1;21;9418117;rs569644827;G;T;;SNP;;7;5008;2504;0.00139776;7
1;21;9418132;rs538655512;G;A;;SNP;;1;5008;2504;0.000199681;1
1;21;9418143;rs558852503;G;A;;SNP;;1;5008;2504;0.000199681;1
1;21;9418228;rs565840957;G;T;;SNP;;1;5008;2504;0.000199681;1
1;21;9418229;rs534966177;G;T;;SNP;;2;5008;2504;0.000399361;2
1;21;9418232;rs554459366;G;T;;SNP;;14;5008;2504;0.00279553;14
1;21;9418241;rs574610121;T;A;;SNP;;3;5008;2504;0.000599042;3
1;21;9418245;rs543529389;G;C;;SNP;;2;5008;2504;0.000399361;2
1;21;9418259;rs1850106;A;C;;SNP;;2676;5008;2504;0.534345;2216
1;21;9418259;rs1850106;A;T;;SNP;;1423;5008;2504;0.284145;1394
1;21;9418269;rs545801132;G;T;;SNP;;5;5008;2504;0.000998403;5
1;21;9418277;rs559570652;A;T;;SNP;;1;5008;2504;0.000199681;1
1;21;9418280;rs528776012;C;T;;SNP;;1;5008;2504;0.000199681;1
1;21;9418290;rs542547619;C;T;;SNP;;4;5008;2504;0.000798722;4
1;21;9418291;rs562124299;G;A;;SNP;;3;5008;2504;0.000599042;3
1;21;9418303;rs531159775;T;C;;SNP;;1;5008;2504;0.000199681;1
1;21;9418308;rs549869892;T;C;;SNP;;1;5008;2504;0.000199681;1
1;21;9418324;rs75855112;T;C;;SNP;;1;5008;2504;0.000199681;1
1;21;9418341;rs532099724;G;T;;SNP;;1;5008;2504;0.000199681;1
1;21;9418348;rs552201191;A;G;;SNP;;3;5008;2504;0.000599042;3
1;21;9418350;rs565711533;A;C;;SNP;;4;5008;2504;0.000798722;4
1;21;9418370;rs1850107;A;C;;SNP;;1877;5008;2504;0.3748;1726
1;21;9418382;rs4087030;C;G;;SNP;;1887;5008;2504;0.376797;1779
1;21;9418383;rs568134320;A;T;;SNP;;1;5008;2504;0.000199681;1
1;21;9418389;rs536862780;A;G;;SNP;;2;5008;2504;0.000399361;2
1;21;9418393;rs556994866;A;G;;SNP;;2;5008;2504;0.000399361;2
1;21;9418438;rs576925788;T;C;;SNP;;1;5008;2504;0.000199681;1
1;21;9418441;rs539589544;A;T;;SNP;;2;5008;2504;0.000399361;2
1;21;9418447;rs552937371;T;A;;SNP;;1;5008;2504;0.000199681;1
1;21;9418453;rs573221712;C;T;;SNP;;2;5008;2504;0.000399361;2
1;21;9418484;rs542132832;G;C;;SNP;;3;5008;2504;0.000599042;3
1;21;9418487;rs562423881;C;T;;SNP;;30;5008;2504;0.00599042;30
1;21;9418491;rs575710892;A;C;;SNP;;1;5008;2504;0.000199681;1
1;21;9418492;rs544824186;T;A;;SNP;;9;5008;2504;0.00179712;9
1;21;9418520;rs564717859;A;C;;SNP;;1;5008;2504;0.000199681;1
1;21;9418551;rs532236246;G;A;;SNP;;1;5008;2504;0.000199681;1
1;21;9418554;rs552335812;C;A;;SNP;;5;5008;2504;0.000998403;5
1;21;9418559;rs559064522;A;C;;SNP;;2;5008;2504;0.000399361;2
1;21;9418563;rs528111144;G;C;;SNP;;1;5008;2504;0.000199681;1
1;21;9418570;rs548149832;T;C;;SNP;;2;5008;2504;0.000399361;2
1;21;9418574;rs568351762;T;G;;SNP;;1;5008;2504;0.000199681;1
1;21;9418580;rs536803179;T;C;;SNP;;3;5008;2504;0.000599042;3
1;21;9418583;rs550356228;A;G;;SNP;;3;5008;2504;0.000599042;3
1;21;9418605;rs570351304;T;C;;SNP;;1;5008;2504;0.000199681;1
1;21;9418607;rs539527794;T;A;;SNP;;2;5008;2504;0.000399361;2
1;21;9418637;rs553457799;T;C;;SNP;;36;5008;2504;0.0071885;36
1;21;9418640;rs573124527;C;T;;SNP;;1;5008;2504;0.000199681;1
1;21;9418656;rs535854396;C;T;;SNP;;1;5008;2504;0.000199681;1
1;21;9418661;rs555739530;C;A;;SNP;;1;5008;2504;0.000199681;1
1;21;9418711;rs576007718;C;T;;SNP;;2;5008;2504;0.000399361;2
1;21;9418722;rs544963870;T;C;;SNP;;1;5008;2504;0.000199681;1
1;21;9418727;rs564654681;C;T;;SNP;;1;5008;2504;0.000199681;1
1;21;9418771;rs578232064;A;G;;SNP;;1;5008;2504;0.000199681;1
1;21;9418773;rs545886937;T;G;;SNP;;1;5008;2504;0.000199681;1
1;21;9418780;rs559414264;T;C;;SNP;;1;5008;2504;0.000199681;1
1;21;9418796;rs528033353;A;G;;SNP;;20;5008;2504;0.00399361;20
1;21;9418798;rs541810954;T;C;;SNP;;1;5008;2504;0.000199681;1
1;21;9418809;rs561574127;A;T;;SNP;;1;5008;2504;0.000199681;1
1;21;9418831;rs530704044;A;T;;SNP;;26;5008;2504;0.00519169;26
1;21;9418847;rs80063772;A;G;;SNP;;4423;5008;2504;0.883187;2495
1;21;9418848;rs570288034;G;A;;SNP;;1;5008;2504;0.000199681;1
1;21;9418892;rs532979586;G;A;;SNP;;2;5008;2504;0.000399361;2
1;21;9418903;rs546739467;C;T;;SNP;;1;5008;2504;0.000199681;1
1;21;9418927;rs566962904;G;A;;SNP;;1;5008;2504;0.000199681;1
1;21;9418970;rs535624830;A;G;;SNP;;1;5008;2504;0.000199681;1
1;21;9418979;rs555724649;A;C;;SNP;;2;5008;2504;0.000399361;2
1;21;9418980;rs556046582;AT;A;;SNP;;3;5008;2504;0.000599042;3
1;21;9418986;rs569309353;A;T;;SNP;;23;5008;2504;0.00459265;23
1;21;9418991;rs538517478;C;T;;SNP;;1;5008;2504;0.000199681;1
1;21;9418997;rs558511606;T;A;;SNP;;17;5008;2504;0.00339457;17
1;21;9419004;rs578191660;A;T;;SNP;;3;5008;2504;0.000599042;3
1;21;9419011;rs540831085;C;A;;SNP;;13;5008;2504;0.00259585;13
1;21;9419029;rs552745560;G;A;;SNP;;2;5008;2504;0.000399361;2
1;21;9419034;rs572890270;T;C;;SNP;;1;5008;2504;0.000199681;1
1;21;9419057;rs369721860;C;T;;SNP;;8;5008;2504;0.00159744;8
1;21;9419061;rs561331179;G;A;;SNP;;0;5008;2504;0;0
1;21;9419062;rs530449582;G;T;;SNP;;2;5008;2504;0.000399361;2
1;21;9419071;rs544071678;G;A;;SNP;;1;5008;2504;0.000199681;1
1;21;9419077;rs564051530;G;A;;SNP;;1;5008;2504;0.000199681;1
1;21;9419078;rs532919099;A;T;;SNP;;5;5008;2504;0.000998403;5
1;21;9419084;rs546772903;T;A;;SNP;;1;5008;2504;0.000199681;1
1;21;9419108;rs369394690;G;A;;SNP;;6;5008;2504;0.00119808;6
1;21;9419205;rs529374399;C;T;;SNP;;1;5008;2504;0.000199681;1
1;21;9419228;rs549239277;A;G;;SNP;;6;5008;2504;0.00119808;6
1;21;9419240;rs372349962;TA;T;;SNP;;2091;5008;2504;0.417532;2025
1;21;9419282;rs569246490;T;G;;SNP;;1;5008;2504;0.000199681;1
1;21;9419309;rs538258795;G;A;;SNP;;3;5008;2504;0.000599042;3
1;21;9419327;rs558451223;T;A;;SNP;;14;5008;2504;0.00279553;14
1;21;9419329;rs571973360;C;A;;SNP;;2;5008;2504;0.000399361;2
1;21;9419334;rs534269816;T;G;;SNP;;1;5008;2504;0.000199681;1
1;21;9419341;rs554333643;C;A;;SNP;;21;5008;2504;0.00419329;21
1;21;9419360;rs574183783;C;T;;SNP;;5;5008;2504;0.000998403;5
1;21;9419366;rs541886102;G;C;;SNP;;1;5008;2504;0.000199681;1
1;21;9419377;rs555061636;T;C;;SNP;;1;5008;2504;0.000199681;1
1;21;9419410;rs574856259;G;C;;SNP;;1;5008;2504;0.000199681;1
1;21;9419426;rs543809986;G;A;;SNP;;1;5008;2504;0.000199681;1
1;21;9419427;rs563788732;C;T;;SNP;;1;5008;2504;0.000199681;1
1;21;9419438;rs577861263;G;A;;SNP;;3;5008;2504;0.000599042;3
1;21;9419469;rs540194204;A;C;;SNP;;2;5008;2504;0.000399361;2
1;21;9419471;rs560273787;G;A;;SNP;;1;5008;2504;0.000199681;1
1;21;9419503;rs529099143;T;G;;SNP;;2;5008;2504;0.000399361;2
1;21;9419509;rs549423604;A;G;;SNP;;1;5008;2504;0.000199681;1
1;21;9419665;rs562979852;T;C;;SNP;;1;5008;2504;0.000199681;1
1;21;9419668;rs531690431;C;A;;SNP;;1;5008;2504;0.000199681;1
1;21;9419694;rs551795934;T;C;;SNP;;1;5008;2504;0.000199681;1
1;21;9419708;rs571709167;C;T;;SNP;;6;5008;2504;0.00119808;6
1;21;9419710;rs534488985;A;T;;SNP;;2;5008;2504;0.000399361;2
1;21;9419715;rs547801145;C;A;;SNP;;2;5008;2504;0.000399361;2
1;21;9419775;rs567816129;A;T;;SNP;;1;5008;2504;0.000199681;1
1;21;9419833;rs536458621;C;T;;SNP;;2;5008;2504;0.000399361;2
1;21;9419836;rs555000407;G;A;;SNP;;1;5008;2504;0.000199681;1
1;21;9419844;rs574994120;G;A;;SNP;;7;5008;2504;0.00139776;7
1;21;9419871;rs537592226;G;T;;SNP;;6;5008;2504;0.00119808;6
1;21;9419893;rs557317880;G;C;;SNP;;1;5008;2504;0.000199681;1
1;21;9419908;rs71220063;C;T;;SNP;;2541;5008;2504;0.507388;1971
1;21;9419930;rs540493952;C;T;;SNP;;1;5008;2504;0.000199681;1
1;21;9419950;rs560203938;T;C;;SNP;;1;5008;2504;0.000199681;1
1;21;9420051;rs573740199;A;T;;SNP;;1;5008;2504;0.000199681;1
1;21;9420058;rs71266703;C;A;;SNP;;1;5008;2504;0.000199681;1
1;21;9420085;rs562718516;C;T;;SNP;;1;5008;2504;0.000199681;1
1;21;9420121;rs531831026;C;T;;SNP;;1;5008;2504;0.000199681;1
1;21;9420126;rs551937894;A;T;;SNP;;50;5008;2504;0.00998403;50
1;21;9420129;rs565258992;G;A;;SNP;;42;5008;2504;0.00838658;42
1;21;9420140;rs527705401;G;A;;SNP;;4;5008;2504;0.000798722;4
1;21;9420209;rs548033412;G;T;;SNP;;8;5008;2504;0.00159744;8
1;21;9420247;rs567870811;A;C;;SNP;;1;5008;2504;0.000199681;1
1;21;9420269;rs537002570;T;A;;SNP;;6;5008;2504;0.00119808;6
1;21;9420284;rs549956080;A;C;;SNP;;1;5008;2504;0.000199681;1
1;21;9420292;rs569952247;A;T;;SNP;;2;5008;2504;0.000399361;2
1;21;9420354;rs537527633;G;A;;SNP;;2;5008;2504;0.000399361;2
1;21;9420395;rs557453573;T;A;;SNP;;3;5008;2504;0.000599042;3
1;21;9420397;rs577531323;G;C;;SNP;;1;5008;2504;0.000199681;1
1;21;9420439;rs71220060;T;C;;SNP;;2993;5008;2504;0.597644;2306
1;21;9420444;rs553985745;G;T;;SNP;;1;5008;2504;0.000199681;1
1;21;9420461;rs573849907;A;G;;SNP;;1;5008;2504;0.000199681;1
1;21;9420474;rs542982508;C;T;;SNP;;10;5008;2504;0.00199681;10
1;21;9420475;rs1850112;A;G;;SNP;;3982;5008;2504;0.795128;2475
1;21;9420511;rs576330387;T;A;;SNP;;1;5008;2504;0.000199681;1
1;21;9420527;rs545488826;A;G;;SNP;;2;5008;2504;0.000399361;2
1;21;9420593;rs565247344;T;C;;SNP;;1;5008;2504;0.000199681;1
1;21;9420595;rs527642122;G;A;;SNP;;27;5008;2504;0.00539137;27
1;21;9420598;rs541066595;C;G;;SNP;;3;5008;2504;0.000599042;3
1;21;9420643;rs561377426;T;A;;SNP;;1;5008;2504;0.000199681;1
1;21;9420647;rs530316159;T;A;;SNP;;1;5008;2504;0.000199681;1
1;21;9420671;rs75773527;G;C;;SNP;;4417;5008;2504;0.881989;2492
1;21;9420674;rs569887662;A;G;;SNP;;3;5008;2504;0.000599042;3
1;21;9420694;rs532583826;G;A;;SNP;;7;5008;2504;0.00139776;7
1;21;9420716;rs551021149;T;A;;SNP;;2;5008;2504;0.000399361;2
1;21;9420717;rs370737070;G;T;;SNP;;1;5008;2504;0.000199681;1
1;21;9420740;rs533934254;T;A;;SNP;;9;5008;2504;0.00179712;9
1;21;9420764;rs553479742;G;A;;SNP;;2;5008;2504;0.000399361;2
1;21;9420782;rs567286736;T;G;;SNP;;1;5008;2504;0.000199681;1
1;21;9420799;rs536528820;C;G;;SNP;;4;5008;2504;0.000798722;4
1;21;9420807;rs556516349;T;A;;SNP;;1;5008;2504;0.000199681;1
1;21;9420857;rs576267796;T;A;;SNP;;7;5008;2504;0.00139776;7
1;21;9420874;rs545231068;C;A;;SNP;;7;5008;2504;0.00139776;7
1;21;9420897;rs558961663;T;A;;SNP;;1;5008;2504;0.000199681;1
1;21;9420916;rs572440542;G;A;;SNP;;4;5008;2504;0.000798722;4
1;21;9420920;rs541549726;T;A;;SNP;;6;5008;2504;0.00119808;6
1;21;9420989;rs375269844;T;G;;SNP;;16;5008;2504;0.00319489;16
1;21;9421034;rs530061136;A;T;;SNP;;1;5008;2504;0.000199681;1
1;21;9421039;rs543674759;C;T;;SNP;;2;5008;2504;0.000399361;2
1;21;9421046;rs563650257;T;G;;SNP;;1;5008;2504;0.000199681;1
1;21;9421060;rs532523663;C;A;;SNP;;1;5008;2504;0.000199681;1
1;21;9421075;rs552492541;T;C;;SNP;;3;5008;2504;0.000599042;3
1;21;9421082;rs566302061;G;A;;SNP;;1;5008;2504;0.000199681;1
1;21;9421114;rs377108341;C;T;;SNP;;6;5008;2504;0.00119808;6
1;21;9421129;rs547497600;G;A;;SNP;;1;5008;2504;0.000199681;1
1;21;9421141;rs567240981;G;C;;SNP;;1;5008;2504;0.000199681;1
1;21;9421161;rs536266381;C;G;;SNP;;5;5008;2504;0.000998403;5
1;21;9421177;rs556454951;T;C;;SNP;;1;5008;2504;0.000199681;1
1;21;9421224;rs569966476;A;G;;SNP;;1;5008;2504;0.000199681;1
1;21;9421225;rs538978053;G;T;;SNP;;1;5008;2504;0.000199681;1
1;21;9421274;rs541641781;TAAC;T;;SNP;;9;5008;2504;0.00179712;9
1;21;9421276;rs558458925;A;G;;SNP;;1;5008;2504;0.000199681;1
1;21;9421288;rs368311657;GTGTAT;G;;SNP;;140;5008;2504;0.0279553;139
1;21;9421293;rs572237442;T;C;;SNP;;1;5008;2504;0.000199681;1
1;21;9421299;rs534783228;G;A;;SNP;;11;5008;2504;0.00219649;11
1;21;9421300;rs555062400;A;C;;SNP;;1;5008;2504;0.000199681;1
1;21;9421326;rs574451846;T;A;;SNP;;1;5008;2504;0.000199681;1
1;21;9421370;rs543415914;A;T;;SNP;;1;5008;2504;0.000199681;1
1;21;9421379;rs563389845;T;C;;SNP;;1;5008;2504;0.000199681;1
1;21;9421396;rs577110676;G;T;;SNP;;1;5008;2504;0.000199681;1
1;21;9421410;rs546508524;A;C;;SNP;;2;5008;2504;0.000399361;2
1;21;9421425;rs559669244;A;G;;SNP;;9;5008;2504;0.00179712;9
1;21;9421473;rs528705582;C;A;;SNP;;1;5008;2504;0.000199681;1
1;21;9421530;rs1966103;T;C;;SNP;;3573;5008;2504;0.713458;2363
1;21;9421540;rs560971293;C;T;;SNP;;1;5008;2504;0.000199681;1
1;21;9421550;rs529666058;T;A;;SNP;;2;5008;2504;0.000399361;2
1;21;9421584;rs549797968;C;T;;SNP;;1;5008;2504;0.000199681;1
1;21;9421585;rs569704650;C;A;;SNP;;11;5008;2504;0.00219649;11
1;21;9421607;rs538536359;T;C;;SNP;;1;5008;2504;0.000199681;1
1;21;9421614;rs552469292;G;C;;SNP;;1;5008;2504;0.000199681;1
1;21;9421629;rs565706359;T;C;;SNP;;2;5008;2504;0.000399361;2
1;21;9421677;rs534827419;C;G;;SNP;;1;5008;2504;0.000199681;1
1;21;9421680;rs554597023;C;A;;SNP;;3;5008;2504;0.000599042;3
1;21;9421709;rs574590742;A;T;;SNP;;2;5008;2504;0.000399361;2
1;21;9421720;rs537188214;A;C;;SNP;;2;5008;2504;0.000399361;2
1;21;9421728;rs556919586;G;A;;SNP;;1;5008;2504;0.000199681;1
1;21;9421801;rs576853791;T;G;;SNP;;2;5008;2504;0.000399361;2
1;21;9421817;rs546150856;A;T;;SNP;;7;5008;2504;0.00139776;7
1;21;9421818;rs560007625;G;A;;SNP;;1;5008;2504;0.000199681;1
1;21;9421820;rs573312921;A;T;;SNP;;1;5008;2504;0.000199681;1
1;21;9421836;rs542410584;C;A;;SNP;;2;5008;2504;0.000399361;2
1;21;9421851;rs562313187;A;G;;SNP;;7;5008;2504;0.00139776;7
1;21;9421928;rs529801035;G;A;;SNP;;1;5008;2504;0.000199681;1
1;21;9421930;rs549932791;C;T;;SNP;;1;5008;2504;0.000199681;1
1;21;9421933;rs563249140;T;C;;SNP;;7;5008;2504;0.00139776;7
1;21;9421969;rs532150988;T;C;;SNP;;1;5008;2504;0.000199681;1
1;21;9422093;rs552146916;A;G;;SNP;;2;5008;2504;0.000399361;2
1;21;9422100;rs565967758;C;G;;SNP;;2383;5008;2504;0.475839;2058
1;21;9422153;rs534657964;A;G;;SNP;;2;5008;2504;0.000399361;2
1;21;9422221;rs547973499;C;T;;SNP;;1;5008;2504;0.000199681;1
1;21;9422265;rs567947758;C;T;;SNP;;2;5008;2504;0.000399361;2
1;21;9422267;rs537124837;C;T;;SNP;;3;5008;2504;0.000599042;3
1;21;9422288;rs557055044;A;G;;SNP;;1;5008;2504;0.000199681;1
1;21;9422290;rs570722853;C;T;;SNP;;1;5008;2504;0.000199681;1
1;21;9422520;rs539827135;G;A;;SNP;;5;5008;2504;0.000998403;5
1;21;9422596;rs553340576;A;C;;SNP;;1;5008;2504;0.000199681;1
1;21;9422620;rs572127821;TTA;T;;SNP;;16;5008;2504;0.00319489;16
1;21;9422668;rs573477410;G;T;;SNP;;1;5008;2504;0.000199681;1
1;21;9422750;rs545932909;CA;C;;SNP;;5;5008;2504;0.000998403;5
1;21;9423205;rs542196663;G;A;;SNP;;1;5008;2504;0.000199681;1
1;21;9423288;rs555977623;C;T;;SNP;;11;5008;2504;0.00219649;11
1;21;9423379;rs575932969;T;C;;SNP;;35;5008;2504;0.00698882;34
1;21;9423380;rs543511417;G;A;;SNP;;1;5008;2504;0.000199681;1
1;21;9423381;rs563384572;G;T;;SNP;;2;5008;2504;0.000399361;2
1;21;9425132;rs376884145;GA;G;;SNP;;3;5008;2504;0.000599042;3
1;21;9425292;rs368989897;GC;G;;SNP;;24;5008;2504;0.00479233;24
1;21;9425400;rs369510417;A;G;;SNP;;35;5008;2504;0.00698882;35
1;21;9425400;rs369510417;A;T;;SNP;;3;5008;2504;0.000599042;3
1;21;9425588;rs559127421;C;A;;SNP;;1;5008;2504;0.000199681;1
1;21;9425604;rs528370055;T;C;;SNP;;2335;5008;2504;0.466254;2092
1;21;9425614;rs548105199;G;A;;SNP;;1;5008;2504;0.000199681;1
1;21;9425659;rs567886355;C;T;;SNP;;4;5008;2504;0.000798722;4
1;21;9425692;rs530633926;G;A;;SNP;;3;5008;2504;0.000599042;3
1;21;9425828;rs550618140;G;C;;SNP;;1;5008;2504;0.000199681;1
1;21;9425831;rs200154242;CA;C;;SNP;;123;5008;2504;0.0245607;123
1;21;9425903;rs570924040;G;T;;SNP;;1;5008;2504;0.000199681;1
1;21;9426137;rs539593025;A;G;;SNP;;3;5008;2504;0.000599042;3
1;21;9426393;rs563199627;AAG;A;;SNP;;4;5008;2504;0.000798722;4
1;21;9426552;rs553319147;C;T;;SNP;;1;5008;2504;0.000199681;1
1;21;9426610;rs566782456;C;T;;SNP;;2;5008;2504;0.000399361;2
1;21;9426637;rs536129498;G;C;;SNP;;1;5008;2504;0.000199681;1
1;21;9426876;rs556114502;A;T;;SNP;;2;5008;2504;0.000399361;2
1;21;9426890;rs78970726;G;A;;SNP;;2727;5008;2504;0.544529;2389
1;21;9426951;rs544823882;C;G;;SNP;;1;5008;2504;0.000199681;1
1;21;9427072;rs558115990;C;A;;SNP;;1;5008;2504;0.000199681;1
1;21;9427120;rs576864207;A;C;;SNP;;3;5008;2504;0.000599042;3
1;21;9427211;rs545614814;G;A;;SNP;;2;5008;2504;0.000399361;2
1;21;9427447;rs559278668;G;A;;SNP;;2;5008;2504;0.000399361;2
1;21;9427542;rs528095054;T;A;;SNP;;2783;5008;2504;0.555711;2264
1;21;9427708;rs541685653;G;A;;SNP;;1;5008;2504;0.000199681;1
1;21;9427726;rs561657773;T;C;;SNP;;1;5008;2504;0.000199681;1
1;21;9427746;rs530570014;A;G;;SNP;;1;5008;2504;0.000199681;1
1;21;9427922;rs550356026;T;C;;SNP;;1;5008;2504;0.000199681;1
1;21;9427950;rs570594075;A;G;;SNP;;1;5008;2504;0.000199681;1
1;21;9427984;rs370029757;GTA;G;;SNP;;3726;5008;2504;0.74401;2425
1;21;9428040;rs533449474;T;A;;SNP;;1;5008;2504;0.000199681;1
1;21;9428163;rs546802238;A;G;;SNP;;1;5008;2504;0.000199681;1
1;21;9428173;rs566826528;A;G;;SNP;;1;5008;2504;0.000199681;1
1;21;9428354;rs548882915;CA;C;;SNP;;10;5008;2504;0.00199681;10
1;21;9428505;rs535862932;A;G;;SNP;;1;5008;2504;0.000199681;1
1;21;9428525;rs549654115;A;T;;SNP;;1;5008;2504;0.000199681;1
1;21;9428536;rs569569014;T;A;;SNP;;2;5008;2504;0.000399361;2
1;21;9428579;rs538579708;C;T;;SNP;;2;5008;2504;0.000399361;2
1;21;9428599;rs558315225;G;A;;SNP;;1;5008;2504;0.000199681;1
1;21;9429512;rs578131425;T;C;;SNP;;2;5008;2504;0.000399361;2
1;21;9429597;rs539490440;G;A;;SNP;;1;5008;2504;0.000199681;1
1;21;9429785;rs552808825;A;G;;SNP;;1;5008;2504;0.000199681;1
1;21;9429832;rs572464719;C;A;;SNP;;1;5008;2504;0.000199681;1
1;21;9429840;rs541424929;G;A;;SNP;;5;5008;2504;0.000998403;5
1;21;9429871;rs561390376;A;G;;SNP;;3;5008;2504;0.000599042;3
1;21;9429911;rs575178045;G;A;;SNP;;1;5008;2504;0.000199681;1
1;21;9429997;rs372513062;GA;G;;SNP;;3085;5008;2504;0.616014;2406
1;21;9430104;rs544133527;A;G;;SNP;;1;5008;2504;0.000199681;1
1;21;9430180;rs564281161;T;G;;SNP;;1;5008;2504;0.000199681;1
1;21;9430267;rs532999035;A;G;;SNP;;1;5008;2504;0.000199681;1
1;21;9430272;rs547033619;G;A;;SNP;;2;5008;2504;0.000399361;2
1;21;9430284;rs560389145;A;T;;SNP;;2;5008;2504;0.000399361;2
1;21;9430546;rs529455438;G;A;;SNP;;1;5008;2504;0.000199681;1
1;21;9430616;rs549389871;G;A;;SNP;;1;5008;2504;0.000199681;1
1;21;9431119;rs569309239;C;T;;SNP;;18;5008;2504;0.00359425;16
1;21;9431122;rs538519275;C;T;;SNP;;18;5008;2504;0.00359425;16
1;21;9431204;rs551807917;C;A;;SNP;;1;5008;2504;0.000199681;1
1;21;9431331;rs571776846;G;A;;SNP;;19;5008;2504;0.00379393;19
1;21;9431387;rs534138926;C;T;;SNP;;1;5008;2504;0.000199681;1
1;21;9431816;rs552985754;C;A;;SNP;;1;5008;2504;0.000199681;1
1;21;9431838;rs572597602;T;C;;SNP;;4545;5008;2504;0.907548;2502
1;21;9431840;rs535212017;T;G;;SNP;;4545;5008;2504;0.907548;2502
1;21;9432190;rs554925814;T;G;;SNP;;4047;5008;2504;0.808107;2503
1;21;9432223;rs574919545;C;T;;SNP;;3795;5008;2504;0.757788;2504
1;21;9432248;rs544462384;G;A;;SNP;;2112;5008;2504;0.421725;2103
1;21;9432253;rs564234934;G;A;;SNP;;1;5008;2504;0.000199681;1
1;21;9432343;rs577721906;C;A;;SNP;;6;5008;2504;0.00119808;6
1;21;9432344;rs540054283;T;A;;SNP;;4;5008;2504;0.000798722;4
1;21;9432345;rs560429527;G;A;;SNP;;2671;5008;2504;0.533347;2441
1;21;9432346;rs529391366;A;T;;SNP;;2671;5008;2504;0.533347;2441
1;21;9432405;rs549527488;A;T;;SNP;;1;5008;2504;0.000199681;1
1;21;9432455;rs562843516;A;T;;SNP;;691;5008;2504;0.137979;689
1;21;9432456;rs531752127;G;T;;SNP;;3774;5008;2504;0.753594;2501
1;21;9432500;rs552010167;A;G;;SNP;;3540;5008;2504;0.706869;2479
1;21;9432625;rs370189137;T;C;;SNP;;3709;5008;2504;0.740615;2479
1;21;9432799;rs528033394;C;T;;SNP;;3;5008;2504;0.000599042;3
1;21;9432852;rs372777616;AT;A;;SNP;;2835;5008;2504;0.566094;2397
1;21;9432860;rs547663724;T;G;;SNP;;2;5008;2504;0.000399361;2
1;21;9433148;rs567551479;G;A;;SNP;;1;5008;2504;0.000199681;1
1;21;9433153;rs535154826;T;C;;SNP;;1;5008;2504;0.000199681;1
1;21;9433572;rs375905833;C;T;;SNP;;48;5008;2504;0.00958466;48
1;21;9433611;rs568475369;C;A;;SNP;;2;5008;2504;0.000399361;2
1;21;9433643;rs537448806;A;T;;SNP;;5;5008;2504;0.000998403;5
1;21;9433649;rs557784406;T;C;;SNP;;3;5008;2504;0.000599042;3
1;21;9433698;rs577850209;C;T;;SNP;;1;5008;2504;0.000199681;1
1;21;9433703;rs540555279;A;T;;SNP;;1;5008;2504;0.000199681;1
1;21;9433811;rs553989161;A;G;;SNP;;1;5008;2504;0.000199681;1
1;21;9433920;rs573904899;C;T;;SNP;;2;5008;2504;0.000399361;2
1;21;9433930;rs543108963;A;T;;SNP;;3;5008;2504;0.000599042;3
1;21;9434064;rs562979694;A;G;;SNP;;4;5008;2504;0.000798722;4
1;21;9434101;rs531685043;G;T;;SNP;;1;5008;2504;0.000199681;1
1;21;9434265;rs545071147;C;T;;SNP;;1;5008;2504;0.000199681;1
1;21;9434429;rs565317919;G;A;;SNP;;57;5008;2504;0.0113818;57
1;21;9434454;rs527960235;G;A;;SNP;;3;5008;2504;0.000599042;3
1;21;9434466;rs547709808;G;A;;SNP;;3;5008;2504;0.000599042;3
1;21;9434552;rs567489671;A;G;;SNP;;2;5008;2504;0.000399361;2
1;21;9434563;rs530241903;A;T;;SNP;;1;5008;2504;0.000199681;1
1;21;9434587;rs548624177;G;A;;SNP;;1;5008;2504;0.000199681;1
1;21;9434616;rs568611436;G;A;;SNP;;1;5008;2504;0.000199681;1
1;21;9434643;rs537988976;A;G;;SNP;;1;5008;2504;0.000199681;1
1;21;9434732;rs557453842;G;A;;SNP;;1;5008;2504;0.000199681;1
1;21;9434801;rs571250399;T;G;;SNP;;1;5008;2504;0.000199681;1
1;21;9434836;rs535389582;GCTCT;G;;SNP;;5;5008;2504;0.000998403;5
1;21;9434866;rs533818749;C;G;;SNP;;32;5008;2504;0.00638978;31
1;21;9434872;rs554125780;T;C;;SNP;;1;5008;2504;0.000199681;1
1;21;9434888;rs573839098;A;T;;SNP;;1;5008;2504;0.000199681;1
1;21;9434952;rs542845600;T;C;;SNP;;4;5008;2504;0.000798722;4
1;21;9434992;rs556442916;G;A;;SNP;;2;5008;2504;0.000399361;2
1;21;9435029;rs576447645;T;C;;SNP;;1;5008;2504;0.000199681;1
1;21;9435034;rs545515952;G;C;;SNP;;1;5008;2504;0.000199681;1
1;21;9435151;rs565110639;A;T;;SNP;;1;5008;2504;0.000199681;1
1;21;9435427;rs369407969;CTT;C;;SNP;;2165;5008;2504;0.432308;2026
1;21;9435457;rs527704671;G;A;;SNP;;1;5008;2504;0.000199681;1
1;21;9435715;rs541288038;C;T;;SNP;;1;5008;2504;0.000199681;1
1;21;9435747;rs561251986;T;A;;SNP;;2;5008;2504;0.000399361;2
1;21;9435909;rs201441332;G;GA;;SNP;;69;5008;2504;0.013778;69
1;21;9435957;rs530375472;A;G;;SNP;;1;5008;2504;0.000199681;1
1;21;9435961;rs549956031;G;A;;SNP;;3;5008;2504;0.000599042;3
1;21;9435974;rs563941190;G;A;;SNP;;3;5008;2504;0.000599042;3
1;21;9436089;rs531285128;G;A;;SNP;;3;5008;2504;0.000599042;3
1;21;9436193;rs551476752;A;C;;SNP;;3136;5008;2504;0.626198;2450
1;21;9436276;rs571123965;A;T;;SNP;;1;5008;2504;0.000199681;1
1;21;9437007;rs533790223;G;T;;SNP;;51;5008;2504;0.0101837;48
1;21;9437718;rs190723053;T;C;;SNP;;25;5008;2504;0.00499201;25
1;21;9437719;rs567561402;T;C;;SNP;;16;5008;2504;0.00319489;16
1;21;9437757;rs376223365;C;T;;SNP;;107;5008;2504;0.0213658;107
1;21;9437762;rs373434506;C;T;;SNP;;29;5008;2504;0.00579073;29
1;21;9438353;rs576212844;G;A;;SNP;;1;5008;2504;0.000199681;1
1;21;9438468;rs552447794;AC;A;;SNP;;3;5008;2504;0.000599042;3
1;21;9438485;rs538728531;C;T;;SNP;;1;5008;2504;0.000199681;1
1;21;9438491;rs559024656;C;T;;SNP;;1;5008;2504;0.000199681;1
1;21;9438521;rs572305407;C;T;;SNP;;1;5008;2504;0.000199681;1
1;21;9438530;rs148318832;G;A;;SNP;;4365;5008;2504;0.871605;2475
1;21;9438542;rs560988866;G;C;;SNP;;2;5008;2504;0.000399361;2
1;21;9438585;rs574776828;C;A;;SNP;;4;5008;2504;0.000798722;4
1;21;9438656;rs543737240;C;A;;SNP;;1;5008;2504;0.000199681;1
1;21;9438663;rs563704673;G;A;;SNP;;3;5008;2504;0.000599042;3
1;21;9438680;rs532757507;C;T;;SNP;;6;5008;2504;0.00119808;6
1;21;9438683;rs551151270;C;T;;SNP;;13;5008;2504;0.00259585;13
1;21;9438702;rs564993778;C;A;;SNP;;28;5008;2504;0.00559105;28
1;21;9438962;rs535449574;C;CTTTTTGCCGCCGCGGG;;SNP;;5;5008;2504;0.000998403;5
1;21;9438984;rs527427989;G;T;;SNP;;1;5008;2504;0.000199681;1
1;21;9439677;rs547404613;G;A;;SNP;;18;5008;2504;0.00359425;18
1;21;9439677;rs547404613;G;T;;SNP;;13;5008;2504;0.00259585;13
1;21;9439723;rs536528871;C;T;;SNP;;1;5008;2504;0.000199681;1
1;21;9439726;rs550070470;C;T;;SNP;;1;5008;2504;0.000199681;1
1;21;9439819;rs569715550;G;T;;SNP;;1;5008;2504;0.000199681;1
1;21;9439826;rs538831171;G;A;;SNP;;1;5008;2504;0.000199681;1
1;21;9440663;rs558518524;A;C;;SNP;;1;5008;2504;0.000199681;1
1;21;9440720;rs572493644;G;T;;SNP;;1;5008;2504;0.000199681;1
1;21;9440856;rs534825452;A;G;;SNP;;82;5008;2504;0.0163738;81
1;21;9440879;rs554525206;C;T;;SNP;;90;5008;2504;0.0179712;90
1;21;9440888;rs574517239;A;C;;SNP;;1;5008;2504;0.000199681;1
1;21;11089972;esv3646371;A;<CN0>;11092743;DEL;-2771;140;5008;2504;0.0279553;140
1;21;14396377;esv3646374;G;<CN0>;14401186;DEL;-4809;16;5008;2504;0.00319489;16
1;21;14496662;esv3646377;G;<CN0>;14500737;DEL;-4075;1083;5008;2504;0.216254;865
1;21;14659287;esv3646385;A;<CN0>;14663762;DEL;-4475;13;5008;2504;0.00259585;13
1;21;14775890;esv3646388;C;<CN0>;14776802;DEL;-912;2;5008;2504;0.000399361;2
1;21;14816809;esv3646391;A;<CN0>;14818129;DEL;-1320;1369;5008;2504;0.273363;1139
1;21;14841856;esv3646392;A;<CN0>;14848999;DEL;-7143;56;5008;2504;0.0111821;55
1;21;14845167;esv3646393;C;<CN0>;14847963;DEL;-2796;50;5008;2504;0.00998403;49
1;21;14849012;esv3646394;G;<CN0>;14859637;DEL;-10625;41;5008;2504;0.0081869;40
1;21;14858216;esv3646395;A;<CN0>;14860130;DEL;-1914;27;5008;2504;0.00539137;27
1;21;14878947;esv3646396;A;<CN0>;14883342;DEL;-4395;17;5008;2504;0.00339457;17
1;21;14981353;esv3646398;T;<CN0>;15016528;DEL;-35175;3443;5008;2504;0.6875;2189
1;21;15228616;esv3646401;G;<CN0>;15248457;DEL;-19841;13;5008;2504;0.00259585;13
1;21;15233542;esv3646402;A;<CN0>;15253286;DEL;-19744;99;5008;2504;0.0197684;98
1;21;15267043;esv3646413;A;<CN0>;15275500;DEL;-8457;1;5008;2504;0.000199681;1
1;21;15288577;esv3646414;G;<CN2>;15333695;DUP;-45118;2;5008;2504;0.000399361;2
1;21;15305665;esv3646415;A;<CN0>;15306428;DEL;-763;1;5008;2504;0.000199681;1
1;21;15399042;esv3646418;T;<CN0>;15419113;DEL;-20071;2;5008;2504;0.000399361;2
1;21;15460777;esv3646421;T;<CN0>;15461861;DEL;-1084;1659;5008;2504;0.33127;1388
1;21;15467901;esv3646422;G;<CN2>;15711992;DUP;-244091;1;5008;2504;0.000199681;1
1;21;15614335;esv3646424;A;<CN0>;15615555;DEL;-1220;1;5008;2504;0.000199681;1
1;21;15618177;esv3646425;T;<CN2>;15660422;DUP;-42245;1;5008;2504;0.000199681;1
1;21;15636321;esv3646426;T;<CN0>;15639347;DEL;-3026;1;5008;2504;0.000199681;1
1;21;15705744;esv3646428;A;<CN0>;15708403;DEL;-2659;1;5008;2504;0.000199681;1
1;21;15722847;esv3646430;T;<CN0>;15724505;DEL;-1658;1;5008;2504;0.000199681;1
1;21;15764823;esv3646431;A;<CN0>;15768163;DEL;-3340;1;5008;2504;0.000199681;1
1;21;15941346;esv3646433;T;<CN2>;16029397;DUP;-88051;1;5008;2504;0.000199681;1
1;21;15942341;esv3646434;A;<CN2>;16199728;DUP;-257387;1;5008;2504;0.000199681;1
1;21;16255844;esv3646437;A;<CN0>;16263185;DEL;-7341;1;5008;2504;0.000199681;1
1;21;16427225;esv3646440;T;<CN0>;16429211;DEL;-1986;1;5008;2504;0.000199681;1
1;21;16588362;esv3646443;T;<CN0>;16591467;DEL;-3105;1638;5008;2504;0.327077;1321
1;21;16624154;esv3646444;T;<CN0>;16628946;DEL;-4792;11;5008;2504;0.00219649;11
1;21;16741958;esv3646445;C;<CN0>;16743655;DEL;-1697;1;5008;2504;0.000199681;1
1;21;16901139;esv3646446;G;<CN0>;16901824;DEL;-685;1;5008;2504;0.000199681;1
1;21;17086695;esv3646450;G;<CN0>;17094001;DEL;-7306;3;5008;2504;0.000599042;3
1;21;17378115;esv3646452;A;<CN0>;17378848;DEL;-733;15;5008;2504;0.00299521;15
1;21;17669081;esv3646454;G;<CN0>;17670280;DEL;-1199;1;5008;2504;0.000199681;1
1;21;17725473;esv3646455;A;<CN0>;17734310;DEL;-8837;1;5008;2504;0.000199681;1
1;21;17771025;esv3646456;T;<CN0>;17775357;DEL;-4332;16;5008;2504;0.00319489;15
1;21;17776923;esv3646457;A;<CN0>;17789133;DEL;-12210;8;5008;2504;0.00159744;8
1;21;17924233;esv3646458;T;<CN0>;17926970;DEL;-2737;1;5008;2504;0.000199681;1
1;21;17943598;esv3646460;T;<CN0>;17944544;DEL;-946;23;5008;2504;0.00459265;23
1;21;18023237;esv3646463;T;<CN0>;18030372;DEL;-7135;1;5008;2504;0.000199681;1
1;21;18029886;esv3646464;C;<CN2>;18050686;DUP;-20800;2;5008;2504;0.000399361;2
1;21;18240955;esv3646465;A;<CN0>;18373988;DEL;-133033;1;5008;2504;0.000199681;1
1;21;18250514;esv3646466;A;<CN0>;18312103;DEL;-61589;1;5008;2504;0.000199681;1
1;21;18286366;esv3646467;A;<CN0>;18292047;DEL;-5681;2;5008;2504;0.000399361;2
1;21;18319289;esv3646468;T;<CN0>;18371708;DEL;-52419;1;5008;2504;0.000199681;1
1;21;18449676;esv3646470;T;<CN0>;18450865;DEL;-1189;3;5008;2504;0.000599042;3
1;21;18494688;esv3646471;A;<CN0>;18497305;DEL;-2617;1;5008;2504;0.000199681;1
1;21;18612377;esv3646472;C;<CN0>;18613697;DEL;-1320;1921;5008;2504;0.383586;1436
1;21;18619692;esv3646473;G;<CN0>;18621642;DEL;-1950;1;5008;2504;0.000199681;1
1;21;18621144;esv3646474;A;<CN0>;18622351;DEL;-1207;1;5008;2504;0.000199681;1
1;21;18653364;esv3646475;G;<CN0>;18653940;DEL;-576;1;5008;2504;0.000199681;1
1;21;18719988;esv3646477;C;<CN0>;18726164;DEL;-6176;17;5008;2504;0.00339457;17
1;21;18738486;esv3646478;T;<CN0>;18739344;DEL;-858;81;5008;2504;0.0161741;79
1;21;18769478;esv3646479;T;<CN0>;18774348;DEL;-4870;2;5008;2504;0.000399361;2
1;21;18963562;esv3646482;G;<CN0>;18965021;DEL;-1459;1;5008;2504;0.000199681;1
1;21;19042772;esv3646484;T;<CN0>;19049484;DEL;-6712;7;5008;2504;0.00139776;7
1;21;19115499;esv3646485;T;<CN0>;19120164;DEL;-4665;2;5008;2504;0.000399361;2
1;21;19167362;esv3646486;G;<CN0>;19169069;DEL;-1707;1;5008;2504;0.000199681;1
1;21;19326712;esv3646489;A;<CN0>;19329267;DEL;-2555;1292;5008;2504;0.257987;1073
1;21;19360066;esv3646490;T;<CN2>;19382003;DUP;-21937;1;5008;2504;0.000199681;1
1;21;19587768;esv3646494;T;<CN0>;19588864;DEL;-1096;1;5008;2504;0.000199681;1
1;21;19756717;esv3646495;G;<CN0>;19759962;DEL;-3245;1;5008;2504;0.000199681;1
1;21;19759282;esv3646496;C;<CN0>;19765807;DEL;-6525;2;5008;2504;0.000399361;2
1;21;19792687;esv3646497;T;<CN0>;19793263;DEL;-576;2;5008;2504;0.000399361;2
1;21;19933663;esv3646499;A;<CN0>;19941868;DEL;-8205;18;5008;2504;0.00359425;18
1;21;19936081;esv3646500;T;<CN0>;19937754;DEL;-1673;13;5008;2504;0.00259585;13
1;21;19997028;esv3646501;T;<CN0>;20000472;DEL;-3444;2;5008;2504;0.000399361;2
1;21;20055372;esv3646502;A;<CN2>;20079348;DUP;-23976;58;5008;2504;0.0115815;56
1;21;20068017;esv3646504;A;<CN0>;20081315;DEL;-13298;3;5008;2504;0.000599042;3
1;21;20264761;esv3646506;T;<CN0>;20267194;DEL;-2433;1;5008;2504;0.000199681;1
1;21;20407860;esv3646508;C;<CN0>;20409699;DEL;-1839;2;5008;2504;0.000399361;2
1;21;20510432;esv3646511;T;<CN2>;20520903;DUP;-10471;1;5008;2504;0.000199681;1
1;21;20568060;esv3646514;A;<CN0>;20574212;DEL;-6152;3;5008;2504;0.000599042;3
1;21;20576004;esv3646515;A;<CN0>;20595835;DEL;-19831;1;5008;2504;0.000199681;1
1;21;20630579;esv3646517;T;<CN0>;20648172;DEL;-17593;1;5008;2504;0.000199681;1
1;21;20674249;esv3646518;G;<CN0>;20680991;DEL;-6742;1;5008;2504;0.000199681;1
1;21;20705365;esv3646521;A;<CN0>;20747226;DEL;-41861;1;5008;2504;0.000199681;1
1;21;20836969;esv3646523;T;<CN0>;20843316;DEL;-6347;531;5008;2504;0.10603;473
1;21;20871352;esv3646525;A;<CN0>;20876999;DEL;-5647;1;5008;2504;0.000199681;1
1;21;20910195;esv3646526;C;<CN2>;21066025;DUP;-155830;3;5008;2504;0.000599042;2
1;21;20916855;esv3646527;G;<CN2>;20958518;DUP;-41663;2;5008;2504;0.000399361;2
1;21;20989459;esv3646529;C;<CN0>;20990734;DEL;-1275;3;5008;2504;0.000599042;3
1;21;20992282;esv3646530;A;<CN2>;21034572;DUP;-42290;3;5008;2504;0.000599042;3
1;21;21199271;esv3646532;T;<CN0>;21200925;DEL;-1654;4;5008;2504;0.000798722;4
1;21;21305368;esv3646536;T;<CN0>;21340680;DEL;-35312;3;5008;2504;0.000599042;3
1;21;21305536;esv3646537;G;<CN0>;21342112;DEL;-36576;3;5008;2504;0.000599042;3
1;21;21313715;esv3646538;G;<CN0>;21433889;DEL;-120174;1;5008;2504;0.000199681;1
1;21;21354232;esv3646540;C;<CN0>;21357049;DEL;-2817;3;5008;2504;0.000599042;3
1;21;21445640;esv3646541;T;<CN0>;21446909;DEL;-1269;1;5008;2504;0.000199681;1
1;21;21573820;esv3646543;A;<CN0>;21583093;DEL;-9273;1;5008;2504;0.000199681;1
1;21;21574332;esv3646544;T;<CN0>;21596417;DEL;-22085;1;5008;2504;0.000199681;1
1;21;21575784;esv3646545;G;<CN0>;21578857;DEL;-3073;2;5008;2504;0.000399361;2
1;21;21586368;esv3646546;C;<CN0>;21594746;DEL;-8378;1;5008;2504;0.000199681;1
1;21;21607892;esv3646547;C;<CN0>;21620793;DEL;-12901;42;5008;2504;0.00838658;42
1;21;21621909;esv3646548;C;<CN0>;21624029;DEL;-2120;74;5008;2504;0.0147764;66
1;21;21635648;esv3646549;A;<CN0>;21652943;DEL;-17295;1;5008;2504;0.000199681;1
1;21;21799942;esv3646551;C;<CN0>;21845267;DEL;-45325;13;5008;2504;0.00259585;13
1;21;21802926;esv3646552;C;<CN0>;21845680;DEL;-42754;8;5008;2504;0.00159744;8
1;21;21878727;esv3646554;G;<CN0>;21884547;DEL;-5820;1;5008;2504;0.000199681;1
1;21;21902735;esv3646555;T;<CN0>;21906208;DEL;-3473;2;5008;2504;0.000399361;2
1;21;21919965;esv3646556;G;<CN0>;21921095;DEL;-1130;1;5008;2504;0.000199681;1
1;21;22000000;esv3646558;A;<CN0>;22004217;DEL;-4217;55;5008;2504;0.0109824;55
1;21;22005628;esv3646559;T;<CN0>;22010677;DEL;-5049;99;5008;2504;0.0197684;96
1;21;22122659;esv3646560;G;<CN0>;22140401;DEL;-17742;1;5008;2504;0.000199681;1
1;21;22250870;esv3646562;C;<CN2>;22299939;DUP;-49069;1;5008;2504;0.000199681;1
1;21;22332681;esv3646563;C;<CN0>;22340000;DEL;-7319;3;5008;2504;0.000599042;3
1;21;22380403;esv3646564;A;<CN2>;22396777;DUP;-16374;1;5008;2504;0.000199681;1
1;21;22418047;esv3646565;T;<CN0>;22457318;DEL;-39271;4;5008;2504;0.000798722;4
1;21;22418515;esv3646566;T;<CN0>;22451925;DEL;-33410;1;5008;2504;0.000199681;1
1;21;22517268;esv3646569;A;<CN0>;22524070;DEL;-6802;4;5008;2504;0.000798722;4
1;21;22660319;esv3646571;C;<CN0>;22660974;DEL;-655;6;5008;2504;0.00119808;6
1;21;22726916;esv3646572;A;<CN0>;22731720;DEL;-4804;1;5008;2504;0.000199681;1
1;21;22783315;esv3646574;A;<CN0>;22784167;DEL;-852;9;5008;2504;0.00179712;9
1;21;22825546;esv3646575;G;<CN0>;22834454;DEL;-8908;1;5008;2504;0.000199681;1
1;21;23016330;esv3646579;T;<CN0>;23022789;DEL;-6459;1;5008;2504;0.000199681;1
1;21;23188290;esv3646586;A;<CN0>;23202305;DEL;-14015;17;5008;2504;0.00339457;17
1;21;23255003;esv3646589;C;<CN2>;23267002;DUP;-11999;1;5008;2504;0.000199681;1
1;21;23303669;esv3646591;T;<CN0>;23321457;DEL;-17788;7;5008;2504;0.00139776;7
1;21;23356554;esv3646592;T;<CN2>;23370135;DUP;-13581;1;5008;2504;0.000199681;1
1;21;23460398;esv3646593;G;<CN0>;23461418;DEL;-1020;3;5008;2504;0.000599042;3
1;21;23560418;esv3646595;C;<CN0>;23561506;DEL;-1088;2;5008;2504;0.000399361;2
1;21;23654293;esv3646598;A;<CN0>;23666589;DEL;-12296;731;5008;2504;0.145966;610
1;21;23738510;esv3646599;T;<CN2>;23785082;DUP;-46572;1;5008;2504;0.000199681;1
1;21;23745497;esv3646600;G;<CN0>;23749148;DEL;-3651;3;5008;2504;0.000599042;3
1;21;23745574;esv3646601;C;<CN0>;23747964;DEL;-2390;3;5008;2504;0.000599042;3
1;21;23758524;esv3646602;C;<CN0>;23768944;DEL;-10420;6;5008;2504;0.00119808;6
1;21;23764299;esv3646603;G;<CN0>;23770701;DEL;-6402;6;5008;2504;0.00119808;6
1;21;23795889;esv3646604;A;<CN0>;23796258;DEL;-369;10;5008;2504;0.00199681;10
1;21;23807011;esv3646605;G;<CN0>;23811358;DEL;-4347;1;5008;2504;0.000199681;1
1;21;23838641;esv3646607;A;<CN0>;23946885;DEL;-108244;2;5008;2504;0.000399361;2
1;21;23872733;esv3646608;T;<CN0>;23877024;DEL;-4291;3;5008;2504;0.000599042;3
1;21;24020142;esv3646610;T;<CN0>;24044102;DEL;-23960;12;5008;2504;0.00239617;12
1;21;24140908;esv3646613;T;<CN0>;24143515;DEL;-2607;1;5008;2504;0.000199681;1
1;21;24151580;esv3646614;T;<CN0>;24153684;DEL;-2104;13;5008;2504;0.00259585;13
1;21;24175786;esv3646615;A;<CN0>;24211162;DEL;-35376;26;5008;2504;0.00519169;26
1;21;24247021;esv3646617;G;<CN0>;24273248;DEL;-26227;2;5008;2504;0.000399361;2
1;21;24247027;esv3646618;C;<CN0>;24365688;DEL;-118661;3;5008;2504;0.000599042;3
1;21;24251756;esv3646619;T;<CN0>;24262009;DEL;-10253;3;5008;2504;0.000599042;3
1;21;24269523;esv3646621;T;<CN0>;24288223;DEL;-18700;3;5008;2504;0.000599042;3
1;21;24289656;esv3646622;T;<CN0>;24407871;DEL;-118215;1;5008;2504;0.000199681;1
1;21;24290137;esv3646623;G;<CN0>;24407778;DEL;-117641;3;5008;2504;0.000599042;2
1;21;24294842;esv3646624;C;<CN0>;24300334;DEL;-5492;4;5008;2504;0.000798722;4
1;21;24324370;esv3646625;T;<CN0>;24325298;DEL;-928;4;5008;2504;0.000798722;4
1;21;24371667;esv3646626;C;<CN0>;24397101;DEL;-25434;6;5008;2504;0.00119808;6
1;21;24372798;esv3646628;G;<CN0>;24443613;DEL;-70815;6;5008;2504;0.00119808;6
1;21;24391752;esv3646629;T;<CN0>;24393249;DEL;-1497;9;5008;2504;0.00179712;9
1;21;24422749;esv3646631;T;<CN0>;24435386;DEL;-12637;40;5008;2504;0.00798722;38
1;21;24455526;esv3646633;T;<CN0>;24457511;DEL;-1985;3;5008;2504;0.000599042;3
1;21;24471277;esv3646634;A;<CN0>;24477720;DEL;-6443;1;5008;2504;0.000199681;1
1;21;24479418;esv3646635;A;<CN2>;24660127;DUP;-180709;3;5008;2504;0.000599042;3
1;21;24488694;esv3646636;A;<CN0>;24510093;DEL;-21399;1;5008;2504;0.000199681;1
1;21;24506082;esv3646639;C;<CN0>;24506930;DEL;-848;12;5008;2504;0.00239617;12
1;21;24522921;esv3646640;A;<CN2>;24648753;DUP;-125832;1;5008;2504;0.000199681;1
1;21;24648904;esv3646644;C;<CN0>;24707984;DEL;-59080;1;5008;2504;0.000199681;1
1;21;24681016;esv3646647;T;<CN0>;24706145;DEL;-25129;2;5008;2504;0.000399361;2
1;21;24738475;esv3646651;T;<CN2>;24798186;DUP;-59711;1;5008;2504;0.000199681;1
1;21;24743415;esv3646652;C;<CN2>;24795118;DUP;-51703;2;5008;2504;0.000399361;2
1;21;24816735;esv3646653;T;<CN0>;24832875;DEL;-16140;3;5008;2504;0.000599042;3
1;21;24847428;esv3646654;A;<CN0>;24892021;DEL;-44593;16;5008;2504;0.00319489;15
1;21;24939933;esv3646655;G;<CN0>;24941756;DEL;-1823;2;5008;2504;0.000399361;2
1;21;25021722;esv3646658;T;<CN0>;25025056;DEL;-3334;3;5008;2504;0.000599042;3
1;21;25094661;esv3646661;G;<CN0>;25186220;DEL;-91559;1;5008;2504;0.000199681;1
1;21;25094934;esv3646662;A;<CN0>;25267341;DEL;-172407;1;5008;2504;0.000199681;1
1;21;25288271;esv3646665;A;<CN0>;25289684;DEL;-1413;8;5008;2504;0.00159744;8
1;21;25295937;esv3646666;A;<CN0>;25299705;DEL;-3768;24;5008;2504;0.00479233;24
1;21;25301113;esv3646667;C;<CN0>;25307714;DEL;-6601;1;5008;2504;0.000199681;1
1;21;25305136;esv3646668;C;<CN2>;25335351;DUP;-30215;1;5008;2504;0.000199681;1
1;21;25309816;esv3646669;A;<CN2>;25347764;DUP;-37948;1;5008;2504;0.000199681;1
1;21;25368928;esv3646670;A;<CN0>;25379085;DEL;-10157;1;5008;2504;0.000199681;1
1;21;25451741;esv3646671;A;<CN0>;25452435;DEL;-694;24;5008;2504;0.00479233;24
1;21;25479598;esv3646673;C;<CN0>;25480594;DEL;-996;6;5008;2504;0.00119808;6
1;21;25498801;esv3646674;C;<CN0>;25501220;DEL;-2419;14;5008;2504;0.00279553;14
1;21;25506891;esv3646675;T;<CN0>;25508026;DEL;-1135;99;5008;2504;0.0197684;92
1;21;25552749;esv3646678;A;<CN0>;25553991;DEL;-1242;1;5008;2504;0.000199681;1
1;21;25559128;esv3646679;A;<CN2>;25594626;DUP;-35498;2;5008;2504;0.000399361;2
1;21;25563948;esv3646680;C;<CN0>;25568882;DEL;-4934;1;5008;2504;0.000199681;1
1;21;25645186;esv3646681;G;<CN0>;25646466;DEL;-1280;2;5008;2504;0.000399361;2
1;21;25710158;esv3646683;C;<CN0>;25710602;DEL;-444;1133;5008;2504;0.226238;971
1;21;25749271;esv3646684;A;<CN0>;25752396;DEL;-3125;4;5008;2504;0.000798722;4
1;21;25776020;esv3646685;A;<CN0>;25781642;DEL;-5622;2;5008;2504;0.000399361;2
1;21;25791695;esv3646686;C;<CN0>;25792059;DEL;-364;25;5008;2504;0.00499201;25
1;21;25808563;esv3646687;T;<CN0>;25809648;DEL;-1085;1;5008;2504;0.000199681;1
1;21;25978616;UW_VH_14420;A;<CN0>;25989126;DEL;-10510;0;5008;2504;0;0
1;21;26018091;esv3646691;T;<CN0>;26020196;DEL;-2105;1;5008;2504;0.000199681;1
1;21;26059936;esv3646692;G;<CN0>;26066668;DEL;-6732;2;5008;2504;0.000399361;2
1;21;26212594;esv3646695;C;<CN0>;26214467;DEL;-1873;1;5008;2504;0.000199681;1
1;21;26312078;esv3646697;G;<CN0>;26359900;DEL;-47822;4;5008;2504;0.000798722;4
1;21;26313512;esv3646698;C;<CN0>;26358540;DEL;-45028;1;5008;2504;0.000199681;1
1;21;26335283;esv3646699;T;<CN0>;26340528;DEL;-5245;2;5008;2504;0.000399361;2
1;21;26344475;esv3646700;A;<CN0>;26345771;DEL;-1296;7;5008;2504;0.00139776;7
1;21;26359941;esv3646702;G;<CN0>;26364723;DEL;-4782;31;5008;2504;0.0061901;31
1;21;26527499;esv3646704;C;<CN0>;26533703;DEL;-6204;1;5008;2504;0.000199681;1
1;21;26601560;esv3646705;A;<CN0>;26609725;DEL;-8165;1;5008;2504;0.000199681;1
1;21;26771303;esv3646707;T;<CN2>;26787353;DUP;-16050;1;5008;2504;0.000199681;1
1;21;26794307;esv3646708;T;<CN0>;26826172;DEL;-31865;1;5008;2504;0.000199681;1
1;21;26862376;esv3646710;A;<CN0>;26865791;DEL;-3415;134;5008;2504;0.0267572;130
1;21;26922254;esv3646711;C;<CN0>;26927177;DEL;-4923;7;5008;2504;0.00139776;7
1;21;26989473;esv3646712;T;<CN0>;26990132;DEL;-659;2;5008;2504;0.000399361;2
1;21;27052251;esv3646714;T;<CN0>;27053659;DEL;-1408;1;5008;2504;0.000199681;1
1;21;27105198;esv3646715;C;<CN0>;27105745;DEL;-547;3;5008;2504;0.000599042;3
1;21;27172216;esv3646717;G;<CN0>;27186293;DEL;-14077;4;5008;2504;0.000798722;4
1;21;27174811;esv3646718;C;<CN0>;27180034;DEL;-5223;67;5008;2504;0.0133786;64
1;21;27180515;esv3646719;C;<CN0>;27186183;DEL;-5668;3;5008;2504;0.000599042;3
1;21;27180603;esv3646720;T;<CN0>;27247545;DEL;-66942;1;5008;2504;0.000199681;1
1;21;27194449;esv3646721;A;<CN0>;27197012;DEL;-2563;2;5008;2504;0.000399361;2
1;21;27309032;esv3646725;T;<CN0>;27312323;DEL;-3291;1;5008;2504;0.000199681;1
1;21;27341256;esv3646726;T;<CN0>;27342426;DEL;-1170;1;5008;2504;0.000199681;1
1;21;27517863;esv3646728;T;<CN0>;27522427;DEL;-4564;4;5008;2504;0.000798722;4
1;21;27551896;esv3646729;C;<CN2>;27564515;DUP;-12619;1;5008;2504;0.000199681;1
1;21;27576399;esv3646731;C;<CN0>;27586078;DEL;-9679;1;5008;2504;0.000199681;1
1;21;27696881;esv3646732;C;<CN0>;27697510;DEL;-629;2;5008;2504;0.000399361;2
1;21;27779963;esv3646733;G;<CN0>;27785618;DEL;-5655;1;5008;2504;0.000199681;1
1;21;27781834;esv3646734;T;<CN0>;27784947;DEL;-3113;1;5008;2504;0.000199681;1
1;21;27970444;esv3646737;T;<CN0>;27975210;DEL;-4766;5;5008;2504;0.000998403;5
1;21;28023223;esv3646739;G;<CN0>;28026812;DEL;-3589;14;5008;2504;0.00279553;14
1;21;28195255;esv3646741;G;<CN0>;28201948;DEL;-6693;166;5008;2504;0.033147;160
1;21;28298987;esv3646744;A;<CN0>;28302430;DEL;-3443;2;5008;2504;0.000399361;2
1;21;28349286;esv3646745;A;<CN0>;28352772;DEL;-3486;2;5008;2504;0.000399361;2
1;21;28375985;esv3646746;A;<CN0>;28407330;DEL;-31345;1;5008;2504;0.000199681;1
1;21;28450953;esv3646747;C;<CN0>;28459834;DEL;-8881;63;5008;2504;0.0125799;62
1;21;28460635;esv3646748;T;<CN0>;28467235;DEL;-6600;3;5008;2504;0.000599042;3
1;21;28476656;esv3646749;T;<CN0>;28477438;DEL;-782;88;5008;2504;0.0175719;84
1;21;28500467;esv3646750;T;<CN0>;28503473;DEL;-3006;1;5008;2504;0.000199681;1
1;21;28525417;esv3646751;C;<CN0>;28536506;DEL;-11089;3;5008;2504;0.000599042;3
1;21;28727269;esv3646758;T;<CN0>;28735518;DEL;-8249;1;5008;2504;0.000199681;1
1;21;28954764;esv3646760;A;<CN2>;29019162;DUP;-64398;1;5008;2504;0.000199681;1
1;21;28954909;esv3646761;A;<CN2>;29076068;DUP;-121159;1;5008;2504;0.000199681;1
1;21;28985228;esv3646762;G;<CN0>;28994562;DEL;-9334;2;5008;2504;0.000399361;2
1;21;29062667;esv3646763;T;<CN2>;29217741;DUP;-155074;1;5008;2504;0.000199681;1
1;21;29107312;esv3646766;T;<CN0>;29108578;DEL;-1266;6;5008;2504;0.00119808;6
1;21;29144273;esv3646767;T;<CN0>;29146192;DEL;-1919;1;5008;2504;0.000199681;1
1;21;29181813;esv3646768;A;<CN0>;29184915;DEL;-3102;2;5008;2504;0.000399361;2
1;21;29281943;esv3646770;G;<CN0>;29285559;DEL;-3616;2;5008;2504;0.000399361;2
1;21;29425243;esv3646776;G;<CN0>;29435860;DEL;-10617;1;5008;2504;0.000199681;1
1;21;29585051;esv3646779;A;<CN0>;29587012;DEL;-1961;1;5008;2504;0.000199681;1
1;21;29605101;esv3646780;A;<CN0>;29623695;DEL;-18594;1;5008;2504;0.000199681;1
1;21;29620074;esv3646781;A;<CN0>;29628158;DEL;-8084;1;5008;2504;0.000199681;1
1;21;29679998;esv3646784;A;<CN0>;29682746;DEL;-2748;5;5008;2504;0.000998403;4
1;21;29713038;esv3646785;T;<CN0>;29714123;DEL;-1085;832;5008;2504;0.166134;720
1;21;29877988;esv3646787;G;<CN0>;29881248;DEL;-3260;1;5008;2504;0.000199681;1
1;21;30219158;esv3646788;T;<CN2>;30257712;DUP;-38554;1;5008;2504;0.000199681;1
1;21;30276444;esv3646790;T;<CN0>;30277760;DEL;-1316;1;5008;2504;0.000199681;1
1;21;30459509;esv3646793;C;<CN0>;30460116;DEL;-607;1;5008;2504;0.000199681;1
1;21;30473057;esv3646794;T;<CN0>;30483945;DEL;-10888;4;5008;2504;0.000798722;4
1;21;30525349;esv3646795;A;<CN0>;30526831;DEL;-1482;1;5008;2504;0.000199681;1
1;21;30552223;esv3646796;A;<CN0>;30552587;DEL;-364;2540;5008;2504;0.507188;1816
1;21;30560380;esv3646797;G;<CN0>;30561535;DEL;-1155;1;5008;2504;0.000199681;1
1;21;30840608;esv3646799;T;<CN0>;30841542;DEL;-934;1;5008;2504;0.000199681;1
1;21;30986830;esv3646802;T;<CN0>;30987714;DEL;-884;84;5008;2504;0.0167732;83
1;21;31136176;esv3646805;G;<CN0>;31139189;DEL;-3013;1;5008;2504;0.000199681;1
1;21;31139332;esv3646806;C;<CN0>;31144666;DEL;-5334;1;5008;2504;0.000199681;1
1;21;31250053;esv3646807;T;<CN0>;31258551;DEL;-8498;1;5008;2504;0.000199681;1
1;21;31292441;esv3646809;A;<CN0>;31293238;DEL;-797;12;5008;2504;0.00239617;12
1;21;31298038;esv3646810;T;<CN2>;31319028;DUP;-20990;1;5008;2504;0.000199681;1
1;21;31298052;esv3646811;C;<CN2>;31323366;DUP;-25314;3;5008;2504;0.000599042;2
1;21;31321423;esv3646812;C;<CN0>;31334065;DEL;-12642;1;5008;2504;0.000199681;1
1;21;31398751;esv3646815;T;<CN0>;31400678;DEL;-1927;1;5008;2504;0.000199681;1
1;21;31419769;esv3646818;A;<CN0>;31420895;DEL;-1126;1;5008;2504;0.000199681;1
1;21;31613158;esv3646820;A;<CN0>;31624869;DEL;-11711;1;5008;2504;0.000199681;1
1;21;31636709;esv3646823;A;<CN0>;31638620;DEL;-1911;14;5008;2504;0.00279553;14
1;21;31639125;esv3646824;G;<CN0>;31644638;DEL;-5513;83;5008;2504;0.0165735;80
1;21;31734930;esv3646826;T;<CN0>;31738342;DEL;-3412;15;5008;2504;0.00299521;15
1;21;31748353;esv3646827;G;<CN2>;31787573;DUP;-39220;6;5008;2504;0.00119808;6
1;21;31803701;esv3646829;C;<CN0>;31823968;DEL;-20267;4;5008;2504;0.000798722;3
1;21;31805575;esv3646830;C;<CN0>;31823611;DEL;-18036;3;5008;2504;0.000599042;3
1;21;31813302;esv3646831;T;<CN0>;31824842;DEL;-11540;3;5008;2504;0.000599042;3
1;21;31871782;esv3646832;G;<CN0>;31873443;DEL;-1661;1;5008;2504;0.000199681;1
1;21;31894324;esv3646833;C;<CN0>;31908732;DEL;-14408;1;5008;2504;0.000199681;1
1;21;31930540;esv3646834;T;<CN0>;31933055;DEL;-2515;12;5008;2504;0.00239617;12
1;21;31945888;esv3646835;T;<CN0>;31950466;DEL;-4578;1;5008;2504;0.000199681;1
1;21;31975997;esv3646838;T;<CN0>;31986484;DEL;-10487;1;5008;2504;0.000199681;1
1;21;32221567;esv3646842;A;<CN0>;32302532;DEL;-80965;1;5008;2504;0.000199681;1
1;21;32272547;esv3646844;A;<CN0>;32273898;DEL;-1351;2;5008;2504;0.000399361;2
1;21;32420199;esv3646847;T;<CN2>;32428567;DUP;-8368;1;5008;2504;0.000199681;1
1;21;32432177;esv3646848;G;<CN0>;32434441;DEL;-2264;69;5008;2504;0.013778;69
1;21;32603315;esv3646851;A;<CN0>;32605285;DEL;-1970;4;5008;2504;0.000798722;4
1;21;32667958;esv3646854;T;<CN0>;32670167;DEL;-2209;7;5008;2504;0.00139776;7
1;21;32743524;esv3646857;A;<CN2>;32767795;DUP;-24271;1;5008;2504;0.000199681;1
1;21;32745634;esv3646858;T;<CN0>;32746498;DEL;-864;2;5008;2504;0.000399361;2
1;21;32746151;esv3646859;A;<CN2>;32763276;DUP;-17125;1;5008;2504;0.000199681;1
1;21;32752678;esv3646860;G;<CN0>;32755356;DEL;-2678;1;5008;2504;0.000199681;1
1;21;32765241;esv3646861;C;<CN0>;32775368;DEL;-10127;5;5008;2504;0.000998403;5
1;21;32805645;esv3646863;G;<CN2>;32872950;DUP;-67305;1;5008;2504;0.000199681;1
1;21;32873206;esv3646864;T;<CN0>;32875964;DEL;-2758;1;5008;2504;0.000199681;1
1;21;32894778;esv3646865;C;<CN0>;32898448;DEL;-3670;1;5008;2504;0.000199681;1
1;21;32946189;esv3646867;A;<CN0>;32948781;DEL;-2592;6;5008;2504;0.00119808;6
1;21;33136265;esv3646869;G;<CN0>;33137530;DEL;-1265;1;5008;2504;0.000199681;1
1;21;33174090;esv3646870;T;<CN0>;33175052;DEL;-962;48;5008;2504;0.00958466;48
1;21;33256237;esv3646872;G;<CN0>;33259531;DEL;-3294;1;5008;2504;0.000199681;1
1;21;33400584;esv3646875;G;<CN0>;33407644;DEL;-7060;2;5008;2504;0.000399361;2
1;21;33603345;esv3646876;A;<CN0>;33609918;DEL;-6573;2;5008;2504;0.000399361;2
1;21;33625918;esv3646879;G;<CN0>;33631539;DEL;-5621;2;5008;2504;0.000399361;2
1;21;33754220;esv3646883;A;<CN0>;33759308;DEL;-5088;1;5008;2504;0.000199681;1
1;21;33867160;esv3646885;A;<CN2>;33922213;DUP;-55053;1;5008;2504;0.000199681;1
1;21;33867340;esv3646886;C;<CN2>;34000017;DUP;-132677;1;5008;2504;0.000199681;1
1;21;33943668;esv3646888;T;<CN0>;33947950;DEL;-4282;23;5008;2504;0.00459265;22
1;21;33957808;esv3646889;T;<CN0>;33965576;DEL;-7768;1;5008;2504;0.000199681;1
1;21;33972485;esv3646890;T;<CN0>;33974590;DEL;-2105;1;5008;2504;0.000199681;1
1;21;34047661;esv3646891;G;<CN2>;34123519;DUP;-75858;1;5008;2504;0.000199681;1
1;21;34070379;esv3646892;T;<CN0>;34071559;DEL;-1180;3;5008;2504;0.000599042;3
1;21;34148989;esv3646894;C;<CN0>;34160981;DEL;-11992;1;5008;2504;0.000199681;1
1;21;34163352;esv3646895;G;<CN0>;34164941;DEL;-1589;1;5008;2504;0.000199681;1
1;21;34204193;esv3646896;T;<CN2>;34265832;DUP;-61639;1;5008;2504;0.000199681;1
1;21;34210275;esv3646898;G;<CN0>;34224794;DEL;-14519;1;5008;2504;0.000199681;1
1;21;34331603;esv3646899;T;<CN0>;34338726;DEL;-7123;1;5008;2504;0.000199681;1
1;21;34375349;esv3646900;C;<CN0>;34376076;DEL;-727;10;5008;2504;0.00199681;10
1;21;34404310;esv3646901;C;<CN2>;34414129;DUP;-9819;1;5008;2504;0.000199681;1
1;21;34768786;esv3646904;A;<CN2>;34781895;DUP;-13109;1;5008;2504;0.000199681;1
1;21;34884969;esv3646906;A;<CN0>;34889149;DEL;-4180;1;5008;2504;0.000199681;1
1;21;35024338;esv3646910;A;<CN0>;35025413;DEL;-1075;19;5008;2504;0.00379393;18
1;21;35315167;esv3646912;T;<CN2>;35336406;DUP;-21239;1;5008;2504;0.000199681;1
1;21;35368767;esv3646913;T;<CN0>;35377352;DEL;-8585;1;5008;2504;0.000199681;1
1;21;35383716;esv3646914;G;<CN2>;35387484;DUP;-3768;24;5008;2504;0.00479233;24
1;21;35480388;esv3646915;T;<CN0>;35485003;DEL;-4615;1;5008;2504;0.000199681;1
1;21;35495626;esv3646916;A;<CN0>;35498546;DEL;-2920;1;5008;2504;0.000199681;1
1;21;35511956;esv3646917;A;<CN0>;35513790;DEL;-1834;2;5008;2504;0.000399361;2
1;21;35530342;esv3646918;A;<CN0>;35532840;DEL;-2498;77;5008;2504;0.0153754;76
1;21;35672066;esv3646919;G;<CN0>;35674719;DEL;-2653;1;5008;2504;0.000199681;1
1;21;35695874;esv3646920;A;<CN0>;35696912;DEL;-1038;14;5008;2504;0.00279553;14
1;21;35740738;esv3646921;A;<CN0>;35741702;DEL;-964;8;5008;2504;0.00159744;8
1;21;35882811;esv3646922;C;<CN0>;35884108;DEL;-1297;4;5008;2504;0.000798722;4
1;21;35945453;esv3646923;T;<CN0>;35946031;DEL;-578;1;5008;2504;0.000199681;1
1;21;36030183;esv3646925;C;<CN0>;36030608;DEL;-425;18;5008;2504;0.00359425;18
1;21;36072585;esv3646926;A;<CN0>;36073497;DEL;-912;1084;5008;2504;0.216454;949
1;21;36104503;esv3646927;A;<CN0>;36114904;DEL;-10401;2;5008;2504;0.000399361;2
1;21;36296128;esv3646928;G;<CN0>;36300682;DEL;-4554;2;5008;2504;0.000399361;2
1;21;36430082;esv3646933;A;<CN0>;36432945;DEL;-2863;1;5008;2504;0.000199681;1
1;21;36451030;esv3646934;G;<CN0>;36453393;DEL;-2363;2;5008;2504;0.000399361;2
1;21;36485754;esv3646935;G;<CN0>;36487398;DEL;-1644;1;5008;2504;0.000199681;1
1;21;36560971;esv3646936;T;<CN0>;36565915;DEL;-4944;12;5008;2504;0.00239617;11
1;21;36572231;esv3646938;A;<CN0>;36579470;DEL;-7239;2;5008;2504;0.000399361;2
1;21;36600615;esv3646940;A;<CN0>;36602519;DEL;-1904;18;5008;2504;0.00359425;18
1;21;36723156;esv3646941;C;<CN0>;36723651;DEL;-495;4;5008;2504;0.000798722;4
1;21;36746748;esv3646942;T;<CN0>;36753454;DEL;-6706;1;5008;2504;0.000199681;1
1;21;36757483;esv3646943;G;<CN0>;36761357;DEL;-3874;1;5008;2504;0.000199681;1
1;21;36893016;esv3646945;G;<CN0>;36896617;DEL;-3601;4;5008;2504;0.000798722;4
1;21;37014962;esv3646947;A;<CN0>;37015169;DEL;-207;3947;5008;2504;0.788139;2340
1;21;37158795;esv3646950;G;<CN0>;37170223;DEL;-11428;2;5008;2504;0.000399361;2
1;21;37185129;esv3646951;T;<CN2>;37199371;DUP;-14242;1;5008;2504;0.000199681;1
1;21;37204967;esv3646952;A;<CN0>;37212429;DEL;-7462;1;5008;2504;0.000199681;1
1;21;37228312;esv3646953;A;<CN0>;37238587;DEL;-10275;2;5008;2504;0.000399361;2
1;21;37294494;esv3646957;C;<CN0>;37300013;DEL;-5519;2;5008;2504;0.000399361;2
1;21;37405166;esv3646959;T;<CN0>;37407318;DEL;-2152;1;5008;2504;0.000199681;1
1;21;37477114;esv3646960;G;<CN2>;37619026;DUP;-141912;2;5008;2504;0.000399361;2
1;21;37477865;esv3646962;G;<CN2>;37584843;DUP;-106978;5;5008;2504;0.000998403;5
1;21;37512903;esv3646963;A;<CN2>;37585677;DUP;-72774;1;5008;2504;0.000199681;1
1;21;37586580;esv3646964;T;<CN2>;37619949;DUP;-33369;1;5008;2504;0.000199681;1
1;21;37642623;esv3646965;G;<CN0>;37644203;DEL;-1580;41;5008;2504;0.0081869;39
1;21;37699616;esv3646969;G;<CN0>;37700145;DEL;-529;115;5008;2504;0.0229633;112
1;21;37803381;esv3646970;T;<CN0>;37804546;DEL;-1165;13;5008;2504;0.00259585;13
1;21;37808388;esv3646971;T;<CN0>;37810380;DEL;-1992;1;5008;2504;0.000199681;1
1;21;37857286;esv3646972;G;<CN0>;37857635;DEL;-349;153;5008;2504;0.0305511;148
1;21;37857575;esv3646973;G;<CN2>;37862730;DUP;-5155;18;5008;2504;0.00359425;18
1;21;38151199;esv3646977;T;<CN0>;38157790;DEL;-6591;5;5008;2504;0.000998403;5
1;21;38192747;esv3646978;G;<CN0>;38193628;DEL;-881;3;5008;2504;0.000599042;3
1;21;38287849;esv3646979;G;<CN0>;38302409;DEL;-14560;1;5008;2504;0.000199681;1
1;21;38287896;esv3646980;T;<CN0>;38303194;DEL;-15298;3;5008;2504;0.000599042;3
1;21;38330521;esv3646982;G;<CN0>;38346269;DEL;-15748;1;5008;2504;0.000199681;1
1;21;38349806;esv3646983;T;<CN0>;38353159;DEL;-3353;1;5008;2504;0.000199681;1
1;21;38684914;esv3646987;C;<CN0>;38688706;DEL;-3792;1;5008;2504;0.000199681;1
1;21;38697424;esv3646988;A;<CN0>;38706460;DEL;-9036;1;5008;2504;0.000199681;1
1;21;38707382;esv3646989;A;<CN0>;38711824;DEL;-4442;5;5008;2504;0.000998403;5
1;21;38854536;esv3646991;G;<CN0>;38855527;DEL;-991;1;5008;2504;0.000199681;1
1;21;38966698;esv3646992;T;<CN0>;38979125;DEL;-12427;1;5008;2504;0.000199681;1
1;21;39314951;esv3646995;G;<CN0>;39317251;DEL;-2300;2;5008;2504;0.000399361;2
1;21;39348116;esv3646996;T;<CN2>;39423867;DUP;-75751;1;5008;2504;0.000199681;1
1;21;39440772;esv3646997;C;<CN0>;39441242;DEL;-470;2;5008;2504;0.000399361;2
1;21;39527214;esv3646998;C;<CN0>;39530483;DEL;-3269;1;5008;2504;0.000199681;1
1;21;39651071;esv3647000;T;<CN0>;39655116;DEL;-4045;18;5008;2504;0.00359425;18
1;21;39806461;esv3647002;A;<CN0>;39808117;DEL;-1656;1;5008;2504;0.000199681;1
1;21;39911587;esv3647003;C;<CN0>;39917082;DEL;-5495;2;5008;2504;0.000399361;2
1;21;40025188;esv3647005;A;<CN0>;40026825;DEL;-1637;1;5008;2504;0.000199681;1
1;21;40101890;esv3647006;C;<CN0>;40112973;DEL;-11083;1;5008;2504;0.000199681;1
1;21;40117166;esv3647007;T;<CN2>;40157623;DUP;-40457;19;5008;2504;0.00379393;18
1;21;40130024;esv3647008;G;<CN0>;40131076;DEL;-1052;7;5008;2504;0.00139776;7
1;21;40135894;esv3647009;A;<CN0>;40143775;DEL;-7881;2;5008;2504;0.000399361;2
1;21;40305889;esv3647010;G;<CN0>;40309687;DEL;-3798;3;5008;2504;0.000599042;3
1;21;40348477;esv3647012;C;<CN0>;40350191;DEL;-1714;1;5008;2504;0.000199681;1
1;21;40475521;esv3647014;A;<CN0>;40479635;DEL;-4114;52;5008;2504;0.0103834;51
1;21;40525335;esv3647015;C;<CN0>;40528666;DEL;-3331;1;5008;2504;0.000199681;1
1;21;40734412;esv3647016;C;<CN0>;40737005;DEL;-2593;15;5008;2504;0.00299521;15
1;21;40778394;esv3647018;T;<CN0>;40797701;DEL;-19307;1;5008;2504;0.000199681;1
1;21;40789914;esv3647019;A;<CN0>;40790647;DEL;-733;19;5008;2504;0.00379393;19
1;21;40903154;esv3647020;A;<CN2>;40987098;DUP;-83944;1;5008;2504;0.000199681;1
1;21;40987106;esv3647022;T;<CN0>;41012385;DEL;-25279;1;5008;2504;0.000199681;1
1;21;40994170;esv3647023;T;<CN0>;41011180;DEL;-17010;1;5008;2504;0.000199681;1
1;21;41047543;esv3647024;C;<CN0>;41051539;DEL;-3996;2;5008;2504;0.000399361;2
1;21;41047686;esv3647025;C;<CN0>;41067111;DEL;-19425;1;5008;2504;0.000199681;1
1;21;41095377;esv3647026;T;<CN0>;41103160;DEL;-7783;1;5008;2504;0.000199681;1
1;21;41429497;esv3647030;C;<CN0>;41432050;DEL;-2553;1;5008;2504;0.000199681;1
1;21;41565256;esv3647032;C;<CN0>;41568810;DEL;-3554;2;5008;2504;0.000399361;2
1;21;41636841;esv3647033;C;<CN0>;41640673;DEL;-3832;2;5008;2504;0.000399361;2
1;21;41670497;esv3647036;G;<CN0>;41670949;DEL;-452;3;5008;2504;0.000599042;3
1;21;41772479;esv3647038;G;<CN2>;41794040;DUP;-21561;2;5008;2504;0.000399361;2
1;21;41778676;esv3647040;A;<CN0>;41781462;DEL;-2786;1;5008;2504;0.000199681;1
1;21;41866651;esv3647041;C;<CN0>;41873747;DEL;-7096;1;5008;2504;0.000199681;1
1;21;41989090;esv3647044;C;<CN0>;41990552;DEL;-1462;1;5008;2504;0.000199681;1
1;21;42196385;esv3647047;A;<CN0>;42200602;DEL;-4217;1;5008;2504;0.000199681;1
1;21;42263780;esv3647049;A;<CN0>;42269995;DEL;-6215;1;5008;2504;0.000199681;1
1;21;42273212;esv3647050;C;<CN0>;42276207;DEL;-2995;2;5008;2504;0.000399361;2
1;21;42401824;esv3647053;G;<CN0>;42412896;DEL;-11072;1;5008;2504;0.000199681;1
1;21;42453490;esv3647054;A;<CN0>;42459548;DEL;-6058;3;5008;2504;0.000599042;3
1;21;42688673;esv3647058;C;<CN0>;42690303;DEL;-1630;1;5008;2504;0.000199681;1
1;21;42717954;esv3647059;A;<CN0>;42723898;DEL;-5944;5;5008;2504;0.000998403;5
1;21;42721650;esv3647060;C;<CN2>;42792495;DUP;-70845;1;5008;2504;0.000199681;1
1;21;42726274;esv3647061;G;<CN2>;42763088;DUP;-36814;1;5008;2504;0.000199681;1
1;21;42762738;esv3647062;T;<CN0>;42766674;DEL;-3936;3;5008;2504;0.000599042;3
1;21;42827367;esv3647063;G;<CN2>;42899328;DUP;-71961;1;5008;2504;0.000199681;1
1;21;42827935;esv3647064;A;<CN2>;42941812;DUP;-113877;1;5008;2504;0.000199681;1
1;21;42912649;esv3647066;G;<CN0>;42913280;DEL;-631;9;5008;2504;0.00179712;9
1;21;43010385;esv3647067;A;<CN0>;43013607;DEL;-3222;1;5008;2504;0.000199681;1
1;21;43037448;esv3647068;A;<CN0>;43039078;DEL;-1630;827;5008;2504;0.165136;708
1;21;43136904;esv3647069;G;<CN0>;43138699;DEL;-1795;2;5008;2504;0.000399361;2
1;21;43190100;esv3647070;T;<CN2>;43204240;DUP;-14140;1;5008;2504;0.000199681;1
1;21;43212005;esv3647071;G;<CN0>;43213864;DEL;-1859;4;5008;2504;0.000798722;4
1;21;43350073;esv3647073;C;<CN0>;43353472;DEL;-3399;280;5008;2504;0.0559105;269
1;21;43383103;esv3647074;A;<CN0>;43386174;DEL;-3071;1;5008;2504;0.000199681;1
1;21;43387242;esv3647075;T;<CN0>;43388288;DEL;-1046;149;5008;2504;0.0297524;144
1;21;43444608;esv3647077;T;<CN0>;43447276;DEL;-2668;1;5008;2504;0.000199681;1
1;21;43509085;esv3647079;C;<CN0>;43509555;DEL;-470;16;5008;2504;0.00319489;16
1;21;43745856;esv3647081;T;<CN0>;43751112;DEL;-5256;10;5008;2504;0.00199681;10
1;21;43928971;esv3647082;A;<CN0>;43930713;DEL;-1742;1;5008;2504;0.000199681;1
1;21;44038530;esv3647084;A;<CN0>;44041152;DEL;-2622;1;5008;2504;0.000199681;1
1;21;44047807;esv3647085;T;<CN0>;44048818;DEL;-1011;4;5008;2504;0.000798722;4
1;21;44061667;esv3647086;A;<CN2>;44105123;DUP;-43456;1;5008;2504;0.000199681;1
1;21;44075242;esv3647087;C;<CN0>;44076806;DEL;-1564;1;5008;2504;0.000199681;1
1;21;44135548;esv3647089;C;<CN0>;44139786;DEL;-4238;70;5008;2504;0.0139776;68
1;21;44137436;esv3647090;C;<CN0>;44138620;DEL;-1184;71;5008;2504;0.0141773;69
1;21;44157831;esv3647091;T;<CN0>;44159028;DEL;-1197;2;5008;2504;0.000399361;2
1;21;44209415;esv3647092;T;<CN0>;44210022;DEL;-607;155;5008;2504;0.0309505;145
1;21;44260927;esv3647093;T;<CN0>;44262292;DEL;-1365;2;5008;2504;0.000399361;2
1;21;44284586;esv3647094;C;<CN0>;44288009;DEL;-3423;1;5008;2504;0.000199681;1
1;21;44297518;esv3647095;G;<CN0>;44302258;DEL;-4740;1;5008;2504;0.000199681;1
1;21;44367217;esv3647096;G;<CN0>;44378831;DEL;-11614;1;5008;2504;0.000199681;1
1;21;44492312;esv3647098;T;<CN0>;44506448;DEL;-14136;1;5008;2504;0.000199681;1
1;21;44501192;esv3647099;C;<CN0>;44502022;DEL;-830;24;5008;2504;0.00479233;24
1;21;44751381;esv3647102;G;<CN0>;44752515;DEL;-1134;10;5008;2504;0.00199681;9
1;21;44876555;esv3647105;G;<CN0>;44878599;DEL;-2044;1;5008;2504;0.000199681;1
1;21;44918035;esv3647106;T;<CN0>;44963579;DEL;-45544;1;5008;2504;0.000199681;1
1;21;44970402;esv3647107;T;<CN0>;44973397;DEL;-2995;3099;5008;2504;0.61881;2107
1;21;45039444;esv3647110;T;<CN2>;45084561;DUP;-45117;1;5008;2504;0.000199681;1
1;21;45159259;esv3647111;T;<CN0>;45160913;DEL;-1654;54;5008;2504;0.0107827;54
1;21;45192202;esv3647112;T;<CN0>;45192882;DEL;-680;14;5008;2504;0.00279553;14
1;21;45232915;esv3647113;G;<CN0>;45241068;DEL;-8153;37;5008;2504;0.00738818;37
1;21;45254910;esv3647114;A;<CN0>;45264324;DEL;-9414;37;5008;2504;0.00738818;37
1;21;45277267;esv3647116;A;<CN0>;45281013;DEL;-3746;1;5008;2504;0.000199681;1
1;21;45326163;esv3647117;G;<CN0>;45334053;DEL;-7890;2;5008;2504;0.000399361;2
1;21;45558609;esv3647118;T;<CN0>;45559688;DEL;-1079;3;5008;2504;0.000599042;3
1;21;45593058;esv3647121;A;<CN0>;45593839;DEL;-781;4;5008;2504;0.000798722;4
1;21;45619180;esv3647122;G;<CN0>;45620710;DEL;-1530;1284;5008;2504;0.25639;1121
1;21;45635757;.;T;<CN0>;45659796;DUP;-24039;0;5008;2504;0;0
1;21;45635757;esv3647125;T;<CN2>;45659796;DUP;-24039;1;5008;2504;0.000199681;1
1;21;45684202;esv3647126;T;<CN0>;45686523;DEL;-2321;19;5008;2504;0.00379393;18
1;21;45690905;esv3647127;G;<CN0>;45697040;DEL;-6135;1;5008;2504;0.000199681;1
1;21;45697273;esv3647128;G;<CN0>;45702433;DEL;-5160;1;5008;2504;0.000199681;1
1;21;45744321;esv3647130;T;<CN2>;45755110;DUP;-10789;1;5008;2504;0.000199681;1
1;21;45959411;esv3647132;T;<CN2>;46011151;DUP;-51740;1;5008;2504;0.000199681;1
1;21;46078732;esv3647133;T;<CN0>;46079299;DEL;-567;3;5008;2504;0.000599042;3
1;21;46184032;esv3647135;C;<CN0>;46246113;DEL;-62081;1;5008;2504;0.000199681;1
1;21;46222494;esv3647136;T;<CN0>;46325107;DEL;-102613;1;5008;2504;0.000199681;1
1;21;46247023;esv3647137;A;<CN0>;46249863;DEL;-2840;1;5008;2504;0.000199681;1
1;21;46336401;esv3647138;C;<CN0>;46362198;DEL;-25797;1;5008;2504;0.000199681;1
1;21;46370951;esv3647139;G;<CN0>;46371982;DEL;-1031;15;5008;2504;0.00299521;15
1;21;46411900;esv3647140;G;<CN0>;46412533;DEL;-633;1;5008;2504;0.000199681;1
1;21;46775984;esv3647145;T;<CN0>;46779687;DEL;-3703;22;5008;2504;0.00439297;22
1;21;47004784;esv3647147;A;<CN0>;47009254;DEL;-4470;1;5008;2504;0.000199681;1
1;21;47072431;esv3647149;G;<CN0>;47076825;DEL;-4394;1;5008;2504;0.000199681;1
1;21;47089073;esv3647150;G;<CN0>;47147953;DEL;-58880;1;5008;2504;0.000199681;1
1;21;47286212;esv3647151;T;<CN0>;47296621;DEL;-10409;2;5008;2504;0.000399361;2
1;21;47293850;esv3647152;A;<CN0>;47304271;DEL;-10421;1;5008;2504;0.000199681;1
1;21;47388019;esv3647155;A;<CN0>;47389728;DEL;-1709;2736;5008;2504;0.546326;1869
1;21;47458825;esv3647159;T;<CN0>;47461733;DEL;-2908;5;5008;2504;0.000998403;5
1;21;47537130;esv3647161;A;<CN2>;47542129;DUP;-4999;115;5008;2504;0.0229633;115
1;21;47550458;esv3647162;G;<CN2>;47563155;DUP;-12697;2;5008;2504;0.000399361;2
1;21;47596264;esv3647163;T;<CN0>;47601217;DEL;-4953;1;5008;2504;0.000199681;1
1;21;47609727;esv3647164;C;<CN0>;47611003;DEL;-1276;181;5008;2504;0.0361422;171
1;21;47657350;esv3647165;C;<CN0>;47658671;DEL;-1321;2029;5008;2504;0.405152;1607
1;21;47757618;esv3647166;C;<CN0>;47760925;DEL;-3307;1;5008;2504;0.000199681;1
1;21;47787334;esv3647168;G;<CN0>;47793946;DEL;-6612;1;5008;2504;0.000199681;1
1;21;47912918;esv3647169;A;<CN0>;47915203;DEL;-2285;7;5008;2504;0.00139776;7
1;21;47985399;esv3647170;T;<CN2>;48000911;DUP;-15512;2;5008;2504;0.000399361;2
1;21;48006090;esv3647171;A;<CN2>;48094554;DUP;-88464;1;5008;2504;0.000199681;1
1;21;48064869;esv3647174;G;<CN0>;48068126;DEL;-3257;1;5008;2504;0.000199681;1
